comment_id,event_id
0FwzamKdI17lAk7ToGLq,zDLn38DfCkx1JTQfW7bl
0FwzamKdI17lAk7ToGLq,ah0Io8qTy2I6RjsTHTeS
0Jg4mGkOFsRxod7wCiq8,FLuzAE5dm4qazOoE4QaF
0Jg4mGkOFsRxod7wCiq8,HTmIYhVrz22i3PjxdS0h
0OX4wrogQcZzc9VYWXsa,zDLn38DfCkx1JTQfW7bl
0OX4wrogQcZzc9VYWXsa,AkUH6sty9Lv2WuTTXRD9
0TAJFX3U2X97Uu9U4paa,FLuzAE5dm4qazOoE4QaF
0ThNahMU1b2LXwUr6v2P,FLuzAE5dm4qazOoE4QaF
0Z9YH0ZXFXGsnc3TUS30,FLuzAE5dm4qazOoE4QaF
0Z9YH0ZXFXGsnc3TUS30,wIKPzNydyOA8KbRKHE5a
0byiVBTYWiufZShxLens,FLuzAE5dm4qazOoE4QaF
0dYNkhTK9vQECyPtUmw9,FLuzAE5dm4qazOoE4QaF
1Ds7itj1Jqtebi2DKSPf,FLuzAE5dm4qazOoE4QaF
1Fvy1PAj7K6JefxvoKhD,XtVckzGBhhXrczpk2wBW
1IBVgejIl59xxhuZZTxn,FLuzAE5dm4qazOoE4QaF
1WdfIKqxdf6Bu6truJpC,FLuzAE5dm4qazOoE4QaF
1dqAVHNlv9C5hTskoU0n,XtVckzGBhhXrczpk2wBW
1eNOxxIBFyJsDjJgAnns,FLuzAE5dm4qazOoE4QaF
1o1C3PPCHxm4LWK9sKRz,FLuzAE5dm4qazOoE4QaF
1oPpxh4IPCI4Qosqi6Oe,FLuzAE5dm4qazOoE4QaF
1wVZ9dJdghCbiibyjjhT,FLuzAE5dm4qazOoE4QaF
21xzPjI0y5gi4Aph4m30,Ri7THJYVq8VeyDjrJZS8
29hh88S9mdWtZKHCq81w,FLuzAE5dm4qazOoE4QaF
2BudDxi5LOqpoI5mSY1W,FLuzAE5dm4qazOoE4QaF
2DLIkmGi9QD7O0DFCX6M,Ri7THJYVq8VeyDjrJZS8
2IYwMTNCuKiBvg5CrRng,XtVckzGBhhXrczpk2wBW
2IYwMTNCuKiBvg5CrRng,ah0Io8qTy2I6RjsTHTeS
2JF1mfc4itr32VkF0rw6,FLuzAE5dm4qazOoE4QaF
2RG6qc2tztDlZvp1tvOF,FLuzAE5dm4qazOoE4QaF
2YrIjZBWcnae1K9T2lyO,FLuzAE5dm4qazOoE4QaF
2YrIjZBWcnae1K9T2lyO,vXyzxEkaeEFoAcKQEeia
2kzHxeeLZMZrNsMMtEO1,FLuzAE5dm4qazOoE4QaF
2oTgVMnu79oIKsm5Vg8L,FLuzAE5dm4qazOoE4QaF
2qHMh3tWHIyUfluO5wGI,FLuzAE5dm4qazOoE4QaF
34O9apAzLZnufCje8FBU,FLuzAE5dm4qazOoE4QaF
38dFaF7XRwgMJPWEHQMH,FLuzAE5dm4qazOoE4QaF
3LsaCn2VOnpowHnit8AK,FLuzAE5dm4qazOoE4QaF
3Nd3Mhgbg5c2OMgIaFKV,FLuzAE5dm4qazOoE4QaF
3Nd3Mhgbg5c2OMgIaFKV,vXyzxEkaeEFoAcKQEeia
3RVRhk13WGME6sRVAHbi,FLuzAE5dm4qazOoE4QaF
3f6xflafqY193qEJofSD,FLuzAE5dm4qazOoE4QaF
3x4Sj02hli6Lad5vqgih,FLuzAE5dm4qazOoE4QaF
41P0raW72m7NROWaKKHH,FLuzAE5dm4qazOoE4QaF
479kPEmbjn8xopPmhPWz,FLuzAE5dm4qazOoE4QaF
479kPEmbjn8xopPmhPWz,vXyzxEkaeEFoAcKQEeia
4JP4RkQa9wFHvjR5mKM9,FLuzAE5dm4qazOoE4QaF
4Oyb9X2JiSOQ2NsgNUvQ,FLuzAE5dm4qazOoE4QaF
4QVtqJ2F6kompUmf2Oa9,FLuzAE5dm4qazOoE4QaF
4SAc9JbRnJzLkbxT2lGD,vXyzxEkaeEFoAcKQEeia
4SAc9JbRnJzLkbxT2lGD,AkUH6sty9Lv2WuTTXRD9
4X08Qgzc8qLT7f0oxrok,FLuzAE5dm4qazOoE4QaF
4f5lgmo519h3AstfALXd,FLuzAE5dm4qazOoE4QaF
4pQqbJ5LZ7RI5fu9umf0,AkUH6sty9Lv2WuTTXRD9
4pQqbJ5LZ7RI5fu9umf0,Ri7THJYVq8VeyDjrJZS8
4s79ptlfhMcDxsItHkEf,FLuzAE5dm4qazOoE4QaF
4uRVTmJIXAKI74O9D0EG,FLuzAE5dm4qazOoE4QaF
58ithehzptkJMMwctHDz,FLuzAE5dm4qazOoE4QaF
59M9dWEMl17SWuTB8at1,FLuzAE5dm4qazOoE4QaF
5Kc5WiGAPZOaQ48LVKYa,FLuzAE5dm4qazOoE4QaF
5PziCqrcjcQn0mdve1dd,FLuzAE5dm4qazOoE4QaF
65HbF76CoG7Fg9Qa1QQr,FLuzAE5dm4qazOoE4QaF
6IiJd0Jva4coeITiZLkX,FLuzAE5dm4qazOoE4QaF
6UnuQzHGUPOfXycF5Qdr,FLuzAE5dm4qazOoE4QaF
6UnuQzHGUPOfXycF5Qdr,ZeztgNNzU3DbAZNdVQbt
6Vllrhu21GuKubGMmXjI,FLuzAE5dm4qazOoE4QaF
6XLomAWU3PWC5FRTYsWy,AkUH6sty9Lv2WuTTXRD9
6XLomAWU3PWC5FRTYsWy,XtVckzGBhhXrczpk2wBW
6qc83SLS8vUBscnvHScr,FLuzAE5dm4qazOoE4QaF
6s7QB9dAbnIZXDPfduhW,OiKFo7nNy4gsLARMI6zP
79Vidtqbv5i4f7Sk6hJk,FLuzAE5dm4qazOoE4QaF
7CuyytV2YeD72AOrD8vX,FLuzAE5dm4qazOoE4QaF
7QahlvuPEPJwTuRyQRhl,FLuzAE5dm4qazOoE4QaF
7X1JlF87yIiaCeQtVekI,FLuzAE5dm4qazOoE4QaF
7ZImdY1Go5bjHVzwktSd,FLuzAE5dm4qazOoE4QaF
7ZImdY1Go5bjHVzwktSd,AkUH6sty9Lv2WuTTXRD9
7ylAbqOFz4Delu2OOW2k,FLuzAE5dm4qazOoE4QaF
85doAtpvyQsaQz8HxYo0,AkUH6sty9Lv2WuTTXRD9
8HH5LPFod9GtBdEwfyop,FLuzAE5dm4qazOoE4QaF
8HH5LPFod9GtBdEwfyop,7RlnzfjxyxYTH0ajcVQK
8KB4RO4UNHd7UzARi3GC,FLuzAE5dm4qazOoE4QaF
8NhqIUeHzeVsGCN0S3Mu,FLuzAE5dm4qazOoE4QaF
8Pfg0nL2qGmJCZ8oLRd0,FLuzAE5dm4qazOoE4QaF
8Pfg0nL2qGmJCZ8oLRd0,HTmIYhVrz22i3PjxdS0h
8UEGM5MvQVmL16SxPOo5,FLuzAE5dm4qazOoE4QaF
8UEGM5MvQVmL16SxPOo5,XtVckzGBhhXrczpk2wBW
8uVu800AdLniyyJshTlO,HTmIYhVrz22i3PjxdS0h
9GW2UlwkVhabELr942Oy,FLuzAE5dm4qazOoE4QaF
9Wg8NXHSoow7w8tIkGoK,ZeztgNNzU3DbAZNdVQbt
9qXSTfTA4Bs9XYApcRWW,FLuzAE5dm4qazOoE4QaF
9tU3F6s7F5AiMcaTfuCz,OiKFo7nNy4gsLARMI6zP
9vD42917fp3SMYF0oSyA,FLuzAE5dm4qazOoE4QaF
A80kTqWLUB7YmRMiSwzL,FLuzAE5dm4qazOoE4QaF
A80kTqWLUB7YmRMiSwzL,vXyzxEkaeEFoAcKQEeia
ADMVNG8oU91Mw3y63Vfc,FLuzAE5dm4qazOoE4QaF
AV2msfzJisedPnj3GlE6,FLuzAE5dm4qazOoE4QaF
AVpCYLaFrwVgjPwVTBkT,FLuzAE5dm4qazOoE4QaF
AWAMAkTpMJKT6bAmvrHU,FLuzAE5dm4qazOoE4QaF
AWAMAkTpMJKT6bAmvrHU,OiKFo7nNy4gsLARMI6zP
AaPt20t8Excca8vzCQzn,FLuzAE5dm4qazOoE4QaF
AdEYuiYNYBYWYOdqSwh9,FLuzAE5dm4qazOoE4QaF
AfGJx1rGomFJjLqvZ91L,FLuzAE5dm4qazOoE4QaF
AxjNgQeYOaAMea6LevWg,FLuzAE5dm4qazOoE4QaF
BEtyfZUrCT5ts8an6qjW,FLuzAE5dm4qazOoE4QaF
BEtyfZUrCT5ts8an6qjW,XtVckzGBhhXrczpk2wBW
BNeJT64yMqc1eHtsGFJc,FLuzAE5dm4qazOoE4QaF
BfA6Z5AKQgNJvQDZeiGO,FLuzAE5dm4qazOoE4QaF
BiIYMjWFcOk8hupnoB10,FLuzAE5dm4qazOoE4QaF
BiX8sn8sgoGHnVb1OWY4,FLuzAE5dm4qazOoE4QaF
BuSCFmVRac3WHWdBvAgW,FLuzAE5dm4qazOoE4QaF
Bx3X1pf18pqtWmMyFgip,FLuzAE5dm4qazOoE4QaF
Bx3X1pf18pqtWmMyFgip,AkUH6sty9Lv2WuTTXRD9
C3YaHfmvMQHn8B7qQe0y,FLuzAE5dm4qazOoE4QaF
CDyqRePxNIdDrnf4bJwx,FLuzAE5dm4qazOoE4QaF
CDyqRePxNIdDrnf4bJwx,ah0Io8qTy2I6RjsTHTeS
CXnyCWlaawUgNGZt0t2b,zDLn38DfCkx1JTQfW7bl
D9nshnyY3Kn6UDDUvPp0,FLuzAE5dm4qazOoE4QaF
DBfl5thAkPNTXk3khoxx,FLuzAE5dm4qazOoE4QaF
DIbxmC7WpKJ0DCORdhI4,FLuzAE5dm4qazOoE4QaF
DN0FylclpqsCnpVWreDY,FLuzAE5dm4qazOoE4QaF
DNDM36EkKbLrRyl9EMY2,FLuzAE5dm4qazOoE4QaF
Db2yXR5QZKWC1ehP1w63,zDLn38DfCkx1JTQfW7bl
Db2yXR5QZKWC1ehP1w63,HTmIYhVrz22i3PjxdS0h
DffuD3sbUqbU1eCj1iWp,FLuzAE5dm4qazOoE4QaF
Dxx97EmKFLXfJRoEzH06,FLuzAE5dm4qazOoE4QaF
EHrkYtcey5avDcV5GvmD,Ri7THJYVq8VeyDjrJZS8
EHrkYtcey5avDcV5GvmD,OiKFo7nNy4gsLARMI6zP
EPH5HtrifYzXDMUCbdTm,FLuzAE5dm4qazOoE4QaF
EUUZZiJJFEwq6bVtOB2O,FLuzAE5dm4qazOoE4QaF
EYuPW789sLuOfnoERw9S,zDLn38DfCkx1JTQfW7bl
EcEfKa3Uzv4Eza0LPHdl,FLuzAE5dm4qazOoE4QaF
EjLgVrqNgJv0sVBKRBP1,FLuzAE5dm4qazOoE4QaF
FAyexge78WytZ5sLK6Ui,FLuzAE5dm4qazOoE4QaF
FAyexge78WytZ5sLK6Ui,Ri7THJYVq8VeyDjrJZS8
FVtqOZUpIMRdPWcViubl,FLuzAE5dm4qazOoE4QaF
FVtqOZUpIMRdPWcViubl,Ri7THJYVq8VeyDjrJZS8
GU1M1vbrTwVHJa75R6Q3,FLuzAE5dm4qazOoE4QaF
GU1M1vbrTwVHJa75R6Q3,wIKPzNydyOA8KbRKHE5a
GkEOln4YxaahSvBIPopV,HTmIYhVrz22i3PjxdS0h
Gp9NwiPxRd8MybqHApXV,FLuzAE5dm4qazOoE4QaF
GujH6vnReim7kRlVEuAM,FLuzAE5dm4qazOoE4QaF
H7y6hTJdkXjYZ40qvf7c,FLuzAE5dm4qazOoE4QaF
H8wemWUVt7LMwOOIS9fY,FLuzAE5dm4qazOoE4QaF
HFAcvmXsBHz57hYl2X28,Ri7THJYVq8VeyDjrJZS8
HHcWO9hcZYbG2OjYEtb2,zDLn38DfCkx1JTQfW7bl
HYx4HXUz25aL6r9hsnuD,OiKFo7nNy4gsLARMI6zP
Hq1iRUFrpNRAeu2JdwsF,FLuzAE5dm4qazOoE4QaF
Hu5uzJmqCnVCFsqlzdwN,FLuzAE5dm4qazOoE4QaF
Hu5uzJmqCnVCFsqlzdwN,vXyzxEkaeEFoAcKQEeia
I4pfLaOAT1dMax5fXD3b,FLuzAE5dm4qazOoE4QaF
IBCVBZ28130D4Bh1wQjw,FLuzAE5dm4qazOoE4QaF
IC0ZtwkP0klocyuoU4Pn,FLuzAE5dm4qazOoE4QaF
IHRPGtdNYdToi6GLamoi,FLuzAE5dm4qazOoE4QaF
IHRPGtdNYdToi6GLamoi,ZeztgNNzU3DbAZNdVQbt
IJEhfDlc566PanzZ6pUP,FLuzAE5dm4qazOoE4QaF
IJEhfDlc566PanzZ6pUP,zDLn38DfCkx1JTQfW7bl
IRHu8jzIvV2x2Vfr4ynS,FLuzAE5dm4qazOoE4QaF
IZFmbasvVJJc0rb9x4dc,FLuzAE5dm4qazOoE4QaF
IgGaShvipK5GSQJKHcLY,FLuzAE5dm4qazOoE4QaF
JMUT01vCwWkQkVeNtKLB,FLuzAE5dm4qazOoE4QaF
JMUT01vCwWkQkVeNtKLB,Ri7THJYVq8VeyDjrJZS8
JXVqYHrNpbdjp8ou7wLA,FLuzAE5dm4qazOoE4QaF
JepMcNblrAVmITXa0ed8,FLuzAE5dm4qazOoE4QaF
JsG8F4SykNkCABwstwCy,FLuzAE5dm4qazOoE4QaF
JztE60SMxgakOPFsX1Rd,FLuzAE5dm4qazOoE4QaF
KCzbUKAUrTu6KoETWFWz,Ri7THJYVq8VeyDjrJZS8
KVMwQvX62cPeMwOzEien,FLuzAE5dm4qazOoE4QaF
KVMwQvX62cPeMwOzEien,zDLn38DfCkx1JTQfW7bl
KWQTMiEzsjWMpuBlLJ1x,FLuzAE5dm4qazOoE4QaF
KjVLhscjMQSwlfVrd0P5,FLuzAE5dm4qazOoE4QaF
KmhlvqHiJVOw5CjIduh0,FLuzAE5dm4qazOoE4QaF
LEbchOUMMPbiFoHEd4XI,FLuzAE5dm4qazOoE4QaF
LTYV4a45XflW03hDdzGE,FLuzAE5dm4qazOoE4QaF
LhAqj9dgnIygv58wlLag,FLuzAE5dm4qazOoE4QaF
LslV6kyihkPgJqbQ6gRf,vXyzxEkaeEFoAcKQEeia
LslV6kyihkPgJqbQ6gRf,OiKFo7nNy4gsLARMI6zP
LzcPgz8M3qVzN79qn7xM,FLuzAE5dm4qazOoE4QaF
MBF5RAQwmk3mcVQUmmlp,FLuzAE5dm4qazOoE4QaF
MIEr8cwcKwhUDoAHp3i3,FLuzAE5dm4qazOoE4QaF
MS8k4Rt7qHnJc3MhX5xy,FLuzAE5dm4qazOoE4QaF
Mb2HIQw7XxHfHP6RVjPM,zDLn38DfCkx1JTQfW7bl
MnGnPz1Q7ATdW5NqVB51,FLuzAE5dm4qazOoE4QaF
MvY9L0lOEmwKJu77rYTh,FLuzAE5dm4qazOoE4QaF
N3ZAo41MII3v4SEyfsF4,FLuzAE5dm4qazOoE4QaF
N4TIAwyAa8T38xmUl6K3,ah0Io8qTy2I6RjsTHTeS
NNUbUvzSwLOtgjeWiT1d,FLuzAE5dm4qazOoE4QaF
NTg6Wy6jhTqZk6n39h3A,Ri7THJYVq8VeyDjrJZS8
NThZjFljPRyR8uB9YgXX,FLuzAE5dm4qazOoE4QaF
NjJ8wYzsnBui840OmYMx,zDLn38DfCkx1JTQfW7bl
O8m4zWzvQymh6gx5pThh,ZeztgNNzU3DbAZNdVQbt
OFeny66pOeytUPhX20SU,FLuzAE5dm4qazOoE4QaF
OFeny66pOeytUPhX20SU,OiKFo7nNy4gsLARMI6zP
OnrQqs4Ue6R9rjY9fuDR,FLuzAE5dm4qazOoE4QaF
Op0vb5WdQ9U11lyAj3iq,FLuzAE5dm4qazOoE4QaF
P9Y9qW5kWOJyxwn8pT4D,FLuzAE5dm4qazOoE4QaF
P9Y9qW5kWOJyxwn8pT4D,7RlnzfjxyxYTH0ajcVQK
PabNzylki3Bawjhq7M1s,FLuzAE5dm4qazOoE4QaF
PabNzylki3Bawjhq7M1s,ah0Io8qTy2I6RjsTHTeS
Pcee6ZfJjbBVcp2SHEbz,FLuzAE5dm4qazOoE4QaF
PlAPthSwtJQYG0enNX54,FLuzAE5dm4qazOoE4QaF
Q00pb9ZZV2awbV1RcY7D,FLuzAE5dm4qazOoE4QaF
Q2bdXhEYDc7KYK3MELj3,AkUH6sty9Lv2WuTTXRD9
QCmIRGxfwBoDihZ3G5r5,FLuzAE5dm4qazOoE4QaF
QHYlQksi0G50fp9n3N1x,FLuzAE5dm4qazOoE4QaF
QVXDXCJUPWOXDMmtRMDn,FLuzAE5dm4qazOoE4QaF
QjRT0i05QqCp3CKGjFfD,FLuzAE5dm4qazOoE4QaF
Qr3MuOMSchT2CQB99YGD,FLuzAE5dm4qazOoE4QaF
Qr3MuOMSchT2CQB99YGD,7RlnzfjxyxYTH0ajcVQK
QyXqSEiG0BQ9chvBakdd,FLuzAE5dm4qazOoE4QaF
R2p5gYsB9E61w85SEfU7,FLuzAE5dm4qazOoE4QaF
R8l9y8aOHqhaPJBqru70,FLuzAE5dm4qazOoE4QaF
RDAVFwgL6Cg3h5mLQTc5,FLuzAE5dm4qazOoE4QaF
RcfIXuAn7S8HfpVkm9cA,FLuzAE5dm4qazOoE4QaF
Rf5OPFcC50EpoV75N2ut,FLuzAE5dm4qazOoE4QaF
RnA7UqY8e6f4ji1UmT5i,FLuzAE5dm4qazOoE4QaF
RqDOpEgJyIjdVjdT5q0Z,FLuzAE5dm4qazOoE4QaF
RupYxAPrWvDpzIZCg6Mq,FLuzAE5dm4qazOoE4QaF
S7XYh1EvyK0T5VyDZh30,FLuzAE5dm4qazOoE4QaF
SDU8DpOs19aPKnqNe4Wd,FLuzAE5dm4qazOoE4QaF
SDU8DpOs19aPKnqNe4Wd,HTmIYhVrz22i3PjxdS0h
SE7yeHN4v2NmRIFtmmwC,FLuzAE5dm4qazOoE4QaF
SKejCuJpsQZcVKoppCey,FLuzAE5dm4qazOoE4QaF
SMTJdgFpItKJda30zqTW,FLuzAE5dm4qazOoE4QaF
ScB9aRI1CQp2i9KySBWV,FLuzAE5dm4qazOoE4QaF
SqM8JVfiHrAF5ql45vgB,FLuzAE5dm4qazOoE4QaF
Sqw7mfOSgTzpewo0VCf4,ah0Io8qTy2I6RjsTHTeS
SsLAmnJaacl6C9CL2hvF,FLuzAE5dm4qazOoE4QaF
StAYxPnCcXElBOycaPa9,FLuzAE5dm4qazOoE4QaF
SuMedAJCbTam0cJAcbGh,FLuzAE5dm4qazOoE4QaF
Sv6ym1ufh5xZ1UYirLkN,FLuzAE5dm4qazOoE4QaF
T0WM5oQdCMTqlhPUJxD6,FLuzAE5dm4qazOoE4QaF
TKV3Z9Aeiv7y2r3pbmzg,FLuzAE5dm4qazOoE4QaF
TNUxwghVznFGC9JfMygK,FLuzAE5dm4qazOoE4QaF
TQn1JYhGOKm1k7BvTI0E,FLuzAE5dm4qazOoE4QaF
TU971N2nFiKCe9UEisxc,HTmIYhVrz22i3PjxdS0h
TVOxnZQTpM68ARbXaKPZ,FLuzAE5dm4qazOoE4QaF
TxUjqxhs0xmmRyIfrrCX,FLuzAE5dm4qazOoE4QaF
U5OAXz6kM6z7QgmPqXPZ,FLuzAE5dm4qazOoE4QaF
UBaFWSGzLDuv7iPkykVg,FLuzAE5dm4qazOoE4QaF
USqtDvMg9FWMZGSJJZ0t,ah0Io8qTy2I6RjsTHTeS
UbpXVfjoVEHVSTZzjAN8,FLuzAE5dm4qazOoE4QaF
UcxHvSdUTdYgsAZWOnW2,FLuzAE5dm4qazOoE4QaF
UcxHvSdUTdYgsAZWOnW2,Ri7THJYVq8VeyDjrJZS8
UrITx89xq7xJ1ZZ2f3jT,FLuzAE5dm4qazOoE4QaF
UvYy62b8PctEVnkaRQjh,FLuzAE5dm4qazOoE4QaF
VMwChTyDHh12nVRrrlUx,FLuzAE5dm4qazOoE4QaF
VsgZQR2XlyhRsLwx8F63,FLuzAE5dm4qazOoE4QaF
VsgZQR2XlyhRsLwx8F63,HTmIYhVrz22i3PjxdS0h
VxhmexUrBqPfmwTJqrEQ,FLuzAE5dm4qazOoE4QaF
WWcO6Z0WE6hphY7O3X4V,FLuzAE5dm4qazOoE4QaF
WigFeINPQAdjkdmIJUgM,vXyzxEkaeEFoAcKQEeia
WmjwKFwAQsCTsZgkPFRS,FLuzAE5dm4qazOoE4QaF
WmjwKFwAQsCTsZgkPFRS,ZeztgNNzU3DbAZNdVQbt
X6Cz8EUgn2XxGQf4VoG6,FLuzAE5dm4qazOoE4QaF
X8b2swMUl8vtVmRTQ6Gb,FLuzAE5dm4qazOoE4QaF
XMUkZzMJtmK9idyNh0Ty,ZeztgNNzU3DbAZNdVQbt
XMUkZzMJtmK9idyNh0Ty,XtVckzGBhhXrczpk2wBW
XSziO7hEAg0qaUpN9uVs,FLuzAE5dm4qazOoE4QaF
Y9M4SuJuxgN1QKwwHCpo,FLuzAE5dm4qazOoE4QaF
YAMtsoHBhgED0XHzRW3y,FLuzAE5dm4qazOoE4QaF
Yr6AuSwFh5kFxa0SrzYe,zDLn38DfCkx1JTQfW7bl
Yr6AuSwFh5kFxa0SrzYe,vXyzxEkaeEFoAcKQEeia
Z2Eq8i2xYT6I1Y5Gr6nd,FLuzAE5dm4qazOoE4QaF
ZIAtMjNDnwdzGW11eFcW,FLuzAE5dm4qazOoE4QaF
ZIAtMjNDnwdzGW11eFcW,XtVckzGBhhXrczpk2wBW
ZUhx7YBDXYbcZlF3bLuc,FLuzAE5dm4qazOoE4QaF
ZXU1UGy83AIXLb9xjOwX,FLuzAE5dm4qazOoE4QaF
Ze0JXvRgBceufFI3eYuf,FLuzAE5dm4qazOoE4QaF
a8KDaLGgZksqXy6Um2iS,FLuzAE5dm4qazOoE4QaF
aDcPff9a4UstiqWy4eAn,FLuzAE5dm4qazOoE4QaF
aH8s5fmuLdJZxs9EOEkR,FLuzAE5dm4qazOoE4QaF
aJQrakqi9y9q8ZEmzV3T,FLuzAE5dm4qazOoE4QaF
aMuG3QOfgpVh9wZkQiVe,FLuzAE5dm4qazOoE4QaF
aS7p5sLvzwdxpAKkaRVA,FLuzAE5dm4qazOoE4QaF
aYRvizTHSV0bYYuTLyy7,FLuzAE5dm4qazOoE4QaF
aaF1A7cA2OOPKezZbLmf,FLuzAE5dm4qazOoE4QaF
aybMdZmJC3A7dpF5uWs7,FLuzAE5dm4qazOoE4QaF
b2mniKFeK904j6xBSgJh,FLuzAE5dm4qazOoE4QaF
b5NrOICXAlz1LwH8cxEc,FLuzAE5dm4qazOoE4QaF
b93hzLTwzhU2HP5RQqr4,FLuzAE5dm4qazOoE4QaF
bBN1wiCRY7zb1gCtdjJm,FLuzAE5dm4qazOoE4QaF
bHFtpgqwCuOxJS0CAJws,FLuzAE5dm4qazOoE4QaF
bWRjIZZGV3aZFQyJyp5t,FLuzAE5dm4qazOoE4QaF
bjLbbbz8NiSpr6oZy8xQ,FLuzAE5dm4qazOoE4QaF
bo4yqBKzO9Krv5ZrkrVt,FLuzAE5dm4qazOoE4QaF
bp6pVunRjYAkmJpPWrN7,XtVckzGBhhXrczpk2wBW
cDrfaKp9bGKCyzw0jBeW,FLuzAE5dm4qazOoE4QaF
cbyQk5FWYsvx2SaQWy8h,FLuzAE5dm4qazOoE4QaF
cbyQk5FWYsvx2SaQWy8h,ZeztgNNzU3DbAZNdVQbt
cidObqDBUAO72iFeNmgF,FLuzAE5dm4qazOoE4QaF
cidObqDBUAO72iFeNmgF,ah0Io8qTy2I6RjsTHTeS
cz10EvoexTSz0P6rSvdY,FLuzAE5dm4qazOoE4QaF
cz10EvoexTSz0P6rSvdY,Ri7THJYVq8VeyDjrJZS8
d96m7Pok1pYdasZBMqo5,FLuzAE5dm4qazOoE4QaF
dLQvhXSG7pigJ2FPtBD6,FLuzAE5dm4qazOoE4QaF
dM6Yj9KfHjHTTJaAN6Gv,FLuzAE5dm4qazOoE4QaF
djiZldieS8RLaNqXntgQ,FLuzAE5dm4qazOoE4QaF
dkHkmMduxBExNKh9NWsq,FLuzAE5dm4qazOoE4QaF
dkxSFjNYPFvITluOqDBk,FLuzAE5dm4qazOoE4QaF
dyeZQ24Yl57HuJ79AKvM,FLuzAE5dm4qazOoE4QaF
e88n1iyxbifkqaQzSViI,FLuzAE5dm4qazOoE4QaF
eENfD0zhRzNJB0orUpBj,FLuzAE5dm4qazOoE4QaF
eENfD0zhRzNJB0orUpBj,7RlnzfjxyxYTH0ajcVQK
eOtGNeUDzBIZ6oBdu2cQ,XtVckzGBhhXrczpk2wBW
ePDuNcgiuTDXx60fyeN9,FLuzAE5dm4qazOoE4QaF
ePDuNcgiuTDXx60fyeN9,XtVckzGBhhXrczpk2wBW
eSf3m5SObGFor51c7Xil,FLuzAE5dm4qazOoE4QaF
eYYoZvhzFeMUzK9GEHUi,FLuzAE5dm4qazOoE4QaF
eYYoZvhzFeMUzK9GEHUi,zDLn38DfCkx1JTQfW7bl
ee8DZl1sECM8dDxb5FMW,FLuzAE5dm4qazOoE4QaF
ee8DZl1sECM8dDxb5FMW,7RlnzfjxyxYTH0ajcVQK
eqgbYLHOYTsRN9BODZjN,HTmIYhVrz22i3PjxdS0h
ezGtPQ5kNoPJcx6H2kek,FLuzAE5dm4qazOoE4QaF
ezGtPQ5kNoPJcx6H2kek,7RlnzfjxyxYTH0ajcVQK
f4q28NEPd7R8OYSRfaiT,FLuzAE5dm4qazOoE4QaF
f708ROcsCzqPhlfhQhqu,FLuzAE5dm4qazOoE4QaF
f7cUnA0dNyJu72KnDJJT,FLuzAE5dm4qazOoE4QaF
f9sh3fNd85v82B7IxaE8,FLuzAE5dm4qazOoE4QaF
f9sh3fNd85v82B7IxaE8,OiKFo7nNy4gsLARMI6zP
fl4Eb7YfDvhqhYA6Axij,FLuzAE5dm4qazOoE4QaF
flmFIYHS7ad51KzVgfWL,FLuzAE5dm4qazOoE4QaF
fud8iLtm4qIS8CLgBPUL,zDLn38DfCkx1JTQfW7bl
fvspmU772D2lrKKd4aAJ,FLuzAE5dm4qazOoE4QaF
fyJIHlB8MxjoxiBZqpCi,FLuzAE5dm4qazOoE4QaF
gD9WOyAX6n8tvl6JNXQ1,FLuzAE5dm4qazOoE4QaF
glK68E9Nwobhq6JqW31o,FLuzAE5dm4qazOoE4QaF
hM62MJZR9QP0ybKrKBVc,FLuzAE5dm4qazOoE4QaF
hM62MJZR9QP0ybKrKBVc,Ri7THJYVq8VeyDjrJZS8
hMF8l6EIiVvdcSAcviYN,FLuzAE5dm4qazOoE4QaF
hMF8l6EIiVvdcSAcviYN,7RlnzfjxyxYTH0ajcVQK
hSMmICGvQ48Gg1RdvsZE,FLuzAE5dm4qazOoE4QaF
hYh8sN3Jcy1nCEGHaYiF,FLuzAE5dm4qazOoE4QaF
hl79XPLJ1yQt8wrLVqYm,FLuzAE5dm4qazOoE4QaF
hlIA18qqDJTqmloRSuBh,FLuzAE5dm4qazOoE4QaF
hvQ0eTcqUJsmGB7sNbMz,FLuzAE5dm4qazOoE4QaF
hxyvkW5Z6qG4zs5EvvDw,HTmIYhVrz22i3PjxdS0h
hxyvkW5Z6qG4zs5EvvDw,wIKPzNydyOA8KbRKHE5a
iEQebMJL5nW2f4IVdjos,FLuzAE5dm4qazOoE4QaF
iRruuhXUNMCyatTNGXBM,FLuzAE5dm4qazOoE4QaF
iuPxuFsvTAy9tnFpXrWe,FLuzAE5dm4qazOoE4QaF
iuPxuFsvTAy9tnFpXrWe,Ri7THJYVq8VeyDjrJZS8
iwU49QtAvTBGvCOj6qjh,FLuzAE5dm4qazOoE4QaF
j9P3mof2VCh5JjGISHBH,FLuzAE5dm4qazOoE4QaF
jKtwkjU2YTASF4dQhkuX,FLuzAE5dm4qazOoE4QaF
jKtwkjU2YTASF4dQhkuX,wIKPzNydyOA8KbRKHE5a
jSuP6a7wKw5U9xAdn6iV,FLuzAE5dm4qazOoE4QaF
jhiMhRMfgfxjo1pj7wx0,FLuzAE5dm4qazOoE4QaF
jjxiecMeUBFp1R2ErmDF,FLuzAE5dm4qazOoE4QaF
jwg2sALykwAAOfWxpXeh,FLuzAE5dm4qazOoE4QaF
jzLYhOOcqiZWWJQ4aQOs,FLuzAE5dm4qazOoE4QaF
k17c5xWAz6Z3f5m15uJE,FLuzAE5dm4qazOoE4QaF
k6jnOHGiv3LmZi9zFZr8,FLuzAE5dm4qazOoE4QaF
k9gAMnvzAt23SUX6W8MC,FLuzAE5dm4qazOoE4QaF
kDKK4MxjoNhKTb3NLIo3,FLuzAE5dm4qazOoE4QaF
kDKK4MxjoNhKTb3NLIo3,XtVckzGBhhXrczpk2wBW
kFHCktVfyUGdaxz77m8N,AkUH6sty9Lv2WuTTXRD9
kconqzsaLYkxvCa0wQVK,FLuzAE5dm4qazOoE4QaF
ke47wKFWTflAaeFFVpLR,FLuzAE5dm4qazOoE4QaF
l22Uj108oRQt2jTjDFXG,FLuzAE5dm4qazOoE4QaF
lEqa1lOmvnzl0w0RTtvk,FLuzAE5dm4qazOoE4QaF
lJYs1RYMVPyFvkeLGkJu,FLuzAE5dm4qazOoE4QaF
lUwZ0gNcKYlniliBOvxl,FLuzAE5dm4qazOoE4QaF
lfZDMysrlPl6Y06qb8kW,FLuzAE5dm4qazOoE4QaF
lfaod5nWmqvCtvObgQiv,FLuzAE5dm4qazOoE4QaF
m13xLNSqMioA11nJLvLe,FLuzAE5dm4qazOoE4QaF
m7KfXdIAPDlqZ1TZdk16,FLuzAE5dm4qazOoE4QaF
mHpLW6kOo1SODHE1XD06,FLuzAE5dm4qazOoE4QaF
mIMHq9WZodoKz8FKkuoD,FLuzAE5dm4qazOoE4QaF
mKWBILMBWKO3fWtvDwfc,FLuzAE5dm4qazOoE4QaF
mNFVAuXIM2S5wXCPhGJc,FLuzAE5dm4qazOoE4QaF
mR3IlNPXnVtG4Z60ZWk8,FLuzAE5dm4qazOoE4QaF
mR3IlNPXnVtG4Z60ZWk8,ah0Io8qTy2I6RjsTHTeS
n89CAbiijiZpmjn40vDU,FLuzAE5dm4qazOoE4QaF
nhw8ENbboeq4Z5asf0F0,zDLn38DfCkx1JTQfW7bl
nl3g54bWs3AUMvKBETSK,FLuzAE5dm4qazOoE4QaF
noZbJ6UJJ68qzVbef1k5,FLuzAE5dm4qazOoE4QaF
npIQufnieXkPQP9ZfKKX,OiKFo7nNy4gsLARMI6zP
npIQufnieXkPQP9ZfKKX,XtVckzGBhhXrczpk2wBW
nsiYn9hvDsrHYNRF1w7X,FLuzAE5dm4qazOoE4QaF
nsiYn9hvDsrHYNRF1w7X,OiKFo7nNy4gsLARMI6zP
nw1HkooUPbiamjZ1je4c,FLuzAE5dm4qazOoE4QaF
nwAHKB5cLzw3drCmB3nu,FLuzAE5dm4qazOoE4QaF
oMJGnunRa1rWMcVddDMO,FLuzAE5dm4qazOoE4QaF
oNKKsxBjbAXD5gVkyyar,FLuzAE5dm4qazOoE4QaF
ocjch0r4S8vPQhqSTT8x,FLuzAE5dm4qazOoE4QaF
ofcEJjpQs38vcsRma5Eo,FLuzAE5dm4qazOoE4QaF
olnCnxxJNyTsbY2Wbovr,FLuzAE5dm4qazOoE4QaF
om01hfe1gTpuKRxGhw5b,FLuzAE5dm4qazOoE4QaF
om01hfe1gTpuKRxGhw5b,OiKFo7nNy4gsLARMI6zP
omnm5v4WdJiFa9CmUko3,FLuzAE5dm4qazOoE4QaF
p2RlM13RndVsKQjizGo4,7RlnzfjxyxYTH0ajcVQK
p5uKzlljOSBOs759I7VW,FLuzAE5dm4qazOoE4QaF
pDwuC9mOjpaK56FoTI3L,FLuzAE5dm4qazOoE4QaF
pLj24KhV2aRDxKuKtscx,FLuzAE5dm4qazOoE4QaF
plMH5h1dZEPpHmcvspV9,FLuzAE5dm4qazOoE4QaF
pnJvptxSvllG3UHX2OmG,FLuzAE5dm4qazOoE4QaF
pth4wFSHKofd6RQzOchf,FLuzAE5dm4qazOoE4QaF
pth4wFSHKofd6RQzOchf,OiKFo7nNy4gsLARMI6zP
pvgzXQmEqXcLkAu72Asi,FLuzAE5dm4qazOoE4QaF
q1FfU02VjBxgKUOBpaHC,HTmIYhVrz22i3PjxdS0h
q5jTNDGjuJiAb4DqHRNw,FLuzAE5dm4qazOoE4QaF
qQQKXdrlojFtfyAQunQ6,FLuzAE5dm4qazOoE4QaF
qbZatVo3PE5ElDUhYzVL,FLuzAE5dm4qazOoE4QaF
qyg5Smx8IVqA6LQEYFvT,FLuzAE5dm4qazOoE4QaF
rBQp47v74BLfMDUVhHem,FLuzAE5dm4qazOoE4QaF
rf6a3srl2Wl1VFQi2jf9,FLuzAE5dm4qazOoE4QaF
rfz7HM6s3ylQFvtmGGEv,vXyzxEkaeEFoAcKQEeia
rh1vpt9TPWnpdWwhmjeI,FLuzAE5dm4qazOoE4QaF
sEhp2J7dhvfMdLka8Sns,FLuzAE5dm4qazOoE4QaF
sKVoRvunkWPG0aZ5Q6sp,FLuzAE5dm4qazOoE4QaF
sQXwLp5UKL1e6E9Km2e2,zDLn38DfCkx1JTQfW7bl
sVTCUmp1l4ZU2LHgVion,zDLn38DfCkx1JTQfW7bl
sYlguleSdRLFKo93gC25,FLuzAE5dm4qazOoE4QaF
sbqRJCfslUXlAZWwtt2r,zDLn38DfCkx1JTQfW7bl
siIxOQDFr86HBDvdWosp,FLuzAE5dm4qazOoE4QaF
t5GMLB5aUJmErWhtsKyd,FLuzAE5dm4qazOoE4QaF
t5GMLB5aUJmErWhtsKyd,ah0Io8qTy2I6RjsTHTeS
tEiZcrqh7O4EhTDECh8v,FLuzAE5dm4qazOoE4QaF
tPdGE6p2PBA5S8rbTvhX,FLuzAE5dm4qazOoE4QaF
tTq8Bblss3OnAsGhGG2m,FLuzAE5dm4qazOoE4QaF
tahHwEmLvyEocB2ycoA0,FLuzAE5dm4qazOoE4QaF
tbxva4YEXBDZD774IVSM,FLuzAE5dm4qazOoE4QaF
tgs0b6KXiP2K0ueAHwQP,FLuzAE5dm4qazOoE4QaF
u2Swy6u9692eRHRdqK6i,FLuzAE5dm4qazOoE4QaF
uG2BGcgTm6Ldgamoixh4,FLuzAE5dm4qazOoE4QaF
uhA01jATBnHVIti07Axz,FLuzAE5dm4qazOoE4QaF
uoTZkXHFOOa3zU6zOVD2,FLuzAE5dm4qazOoE4QaF
uvHrmUCDcrAzSHCWQySG,FLuzAE5dm4qazOoE4QaF
uvHrmUCDcrAzSHCWQySG,7RlnzfjxyxYTH0ajcVQK
v0DKxzdJjtjNM6DW9VYG,FLuzAE5dm4qazOoE4QaF
v0hIdBfSa4virrU6Gdvw,FLuzAE5dm4qazOoE4QaF
v64H7gASk7MNPqDdfza3,FLuzAE5dm4qazOoE4QaF
vFfRYV9ES7RKtzsMQF1g,FLuzAE5dm4qazOoE4QaF
vFfRYV9ES7RKtzsMQF1g,ah0Io8qTy2I6RjsTHTeS
vR94Jx6F4OMHYFochFee,wIKPzNydyOA8KbRKHE5a
vR94Jx6F4OMHYFochFee,7RlnzfjxyxYTH0ajcVQK
vRNu5EXRx7fzovTDEz98,FLuzAE5dm4qazOoE4QaF
vU7qw8lquwZal9moNWGi,FLuzAE5dm4qazOoE4QaF
vaic38s6ugUhKqtl2Y1l,FLuzAE5dm4qazOoE4QaF
vgWIniH6w5nfhrkEyuDT,HTmIYhVrz22i3PjxdS0h
vgWIniH6w5nfhrkEyuDT,7RlnzfjxyxYTH0ajcVQK
vl5ZMQtd9s7cs70Ro3hB,FLuzAE5dm4qazOoE4QaF
w5vpYcKy6z7rwTuxW9E1,FLuzAE5dm4qazOoE4QaF
wGalOBkwGLlBusRvBDvh,FLuzAE5dm4qazOoE4QaF
wGalOBkwGLlBusRvBDvh,AkUH6sty9Lv2WuTTXRD9
wIKwF5yPD0T8XKqrVyMt,FLuzAE5dm4qazOoE4QaF
wJbDB5nkNkfM8TUfEBHs,FLuzAE5dm4qazOoE4QaF
wJbDB5nkNkfM8TUfEBHs,zDLn38DfCkx1JTQfW7bl
weOxKzgOdsLZJOluVk6b,FLuzAE5dm4qazOoE4QaF
wizwLoMxkYSFyGm5sv4N,FLuzAE5dm4qazOoE4QaF
wizwLoMxkYSFyGm5sv4N,wIKPzNydyOA8KbRKHE5a
wok8R66o4Or8YIc0hLCs,XtVckzGBhhXrczpk2wBW
wsOABMt1spc5ZGSmsFbH,FLuzAE5dm4qazOoE4QaF
wsOABMt1spc5ZGSmsFbH,OiKFo7nNy4gsLARMI6zP
wtAfMbABLh95zYgtw3dq,FLuzAE5dm4qazOoE4QaF
wtAfMbABLh95zYgtw3dq,ZeztgNNzU3DbAZNdVQbt
xIlor2lFKdyHAGXjuG3F,FLuzAE5dm4qazOoE4QaF
xQGBiIqQShbgAKYmIfL1,zDLn38DfCkx1JTQfW7bl
xZTydpKRr1zHuCSF7xjL,FLuzAE5dm4qazOoE4QaF
xbq4549iH1m2Mn08ppgY,FLuzAE5dm4qazOoE4QaF
xlwehwxBeFcGxoBhdf53,zDLn38DfCkx1JTQfW7bl
xoTtXAAGj4JVFzruWLlB,ZeztgNNzU3DbAZNdVQbt
xoqKE15MztC5mOQEKvUr,OiKFo7nNy4gsLARMI6zP
xt3uKgdQwhIxFY5RJ6Az,FLuzAE5dm4qazOoE4QaF
y8cBRQDyB6cfvITbENQG,FLuzAE5dm4qazOoE4QaF
ykgFSLJiZZMo0ZNGF98c,FLuzAE5dm4qazOoE4QaF
ykhoUAK3Pj5NPgnW0TGE,FLuzAE5dm4qazOoE4QaF
ym2d6obXkiAmmjEbuCb3,AkUH6sty9Lv2WuTTXRD9
yowSp67yKuzzHNKLvuN2,FLuzAE5dm4qazOoE4QaF
ys8Vz35kdy8GESvDtWMh,FLuzAE5dm4qazOoE4QaF
ywMCJFIT7PyYezWp9Ad7,FLuzAE5dm4qazOoE4QaF
z2KrODAny0AFg3KmKBhH,FLuzAE5dm4qazOoE4QaF
zO83T3z4pdGQq1WZFwum,FLuzAE5dm4qazOoE4QaF
zO83T3z4pdGQq1WZFwum,HTmIYhVrz22i3PjxdS0h
zWniKEnL0von3E6fGvuO,FLuzAE5dm4qazOoE4QaF
zkj1JhSvQ5Vi0sfHS6ku,FLuzAE5dm4qazOoE4QaF
zkj1JhSvQ5Vi0sfHS6ku,ZeztgNNzU3DbAZNdVQbt
zxhpNMPKlP69hrkoRI3q,FLuzAE5dm4qazOoE4QaF
