comment_id,comment_view,notified_at,updated_at,reason,parent_topic_id,created_at,ref_id,parent_comment_id
0FwzamKdI17lAk7ToGLq,เห็นด้วย,2026-02-27T11:21:39.691Z,2026-02-27T11:21:39.691Z,รัฐธรรมนูญต้องมีความยั่งยืน มั่นคง ประชาชนพร้อมที่จะพิทักษ์รัฐธรรมนูญ และปิดกั้นโอกาสคนไม่ดีไม่ให้เข้ามามีอำนาจ,xPfTusEykaoThPECEHNx,2026-02-27T11:21:39.691Z,,
0Jg4mGkOFsRxod7wCiq8,ไม่เห็นด้วย,2025-07-02T10:20:23.720Z,2025-07-02T10:20:23.720Z,เป็นข้อกำหนดอยู่แล้ว ว่า ครม. สภา ไม่สามารถมาเป็นสมาชิกได้,KxylHYyk2a6LnAUMKuCA,2025-07-02T10:20:23.720Z,C85,
0OX4wrogQcZzc9VYWXsa,เห็นด้วย,2026-02-27T11:26:39.376Z,2026-02-27T11:26:39.376Z,และเปิดโอกาสให้ประชาชนได้มีส่วนร่วมต่อการตัดสินใจในนโยบายทางการเมืองต่าง ๆ,ee9QQZxV5iESX66emeXE,2026-02-27T11:26:39.376Z,,sVTCUmp1l4ZU2LHgVion
0TAJFX3U2X97Uu9U4paa,เห็นด้วยบางส่วน,2025-07-02T10:20:23.720Z,2025-07-02T10:20:23.720Z,เพื่อให้เป็นไปได้สำหรับ กกต. อาจจะยังไม่ต้องสร้างเครื่องลงคะแนน (Hardware) แต่ใช้เทคโนโลยีเพื่อช่วยในการนับคะแนน (Image Processing),ZDsDi5uzFybyTHDyg7Sh,2025-07-02T10:20:23.720Z,C94,
0ThNahMU1b2LXwUr6v2P,เห็นด้วย,2025-07-02T10:20:23.720Z,2025-07-02T10:20:23.720Z,ต้องมีตัวแทนครบ ทั้งเชิงพื้นที่ และเชิงประเด็น,cwMYFZkBcDAT64xVGPYi,2025-07-02T10:20:23.720Z,C91,
0Z9YH0ZXFXGsnc3TUS30,เห็นด้วย,2025-07-02T10:20:23.720Z,2025-07-02T10:20:23.720Z,มีตัวอย่างประเด็นที่เชื่อมโยงกับประชาชน เช่น การมีอากาศที่ดี การจัดผังเมืองที่ส่งผลกระทบกับประชาชน เพื่อให้เห็นความสำคัญของการร่างรัฐธรรมนูญ,peEZ4F0cByDfdVv4Mh5R,2025-07-02T10:20:23.720Z,C312,JepMcNblrAVmITXa0ed8
0byiVBTYWiufZShxLens,ไม่เห็นด้วย,2025-07-02T10:20:23.720Z,2025-07-02T10:20:23.720Z,หลีกเลี่ยงพื้นที่เล็กยิ่งดี เพราะสามารถหลีกเลี่ยงปัญหาเรื่องหัวคะแนนได้,8WtlnkWM0PlR19PBZTR8,2025-07-02T10:20:23.720Z,C62,
0dYNkhTK9vQECyPtUmw9,เห็นด้วย,2025-07-02T10:20:23.720Z,2025-07-02T10:20:23.720Z,สื่อมวลชน และหน่วยงานที่เกี่ยวข้องต้องเปิดเผยข้อมูลอย่างโปร่งใส รวดเร็ว,UiN8egrbml9767vx9jT5,2025-07-02T10:20:23.720Z,C334,
1Ds7itj1Jqtebi2DKSPf,ไม่เห็นด้วย,2025-07-02T10:20:23.720Z,2025-07-02T10:20:23.720Z,ประชาชนบางคนเป็นสมาชิกพรรคการเมืองขนาดเล็ก ซึ่งบางครั้งไม่ได้มีส่วนได้ส่วนเสียในทางการเมือง,30iUR5Bs1u2g842KdF3y,2025-07-02T10:20:23.720Z,C144,weOxKzgOdsLZJOluVk6b
1Fvy1PAj7K6JefxvoKhD,เห็นด้วย,2025-09-09T10:50:31.450Z,2025-09-09T10:50:31.450Z,ต้องการทราบว่าการยื่นคำร้องแต่ละครั้ง จะช่วยคดีได้จริงหรือไม่ และใครเป็นผู้ติดตามเรื่องให้,ZAdCNNsmsUjfqIH0m3Px,2025-09-09T10:50:31.450Z,,
1IBVgejIl59xxhuZZTxn,เห็นด้วย,2025-07-02T10:20:23.720Z,2025-07-02T10:20:23.720Z,สสร. ควรมีแต่หน้าที่ ไม่มีอำนาจ (เชิงจิตอาสา),wXQy4GNSAVByO1QwIw31,2025-07-02T10:20:23.720Z,C267,
1WdfIKqxdf6Bu6truJpC,เห็นด้วย,2025-07-02T10:20:23.720Z,2025-07-02T10:20:23.720Z,สามารถมีร่างเงาเสนอได้,hHM0HVjqwKVeG9AWTAZF,2025-07-02T10:20:23.720Z,C283,vl5ZMQtd9s7cs70Ro3hB
1dqAVHNlv9C5hTskoU0n,เห็นด้วย,2025-09-09T10:56:12.790Z,2025-09-09T10:56:12.790Z,จากประสบการณ์ส่วนตัว โจทย์ใช้ทนายที่มีความสามารถ ส่วนตนไม่มีความรู้ด้านกฎหมายเลย ทำให้ไม่สามารถสู้คดีได้,ZAdCNNsmsUjfqIH0m3Px,2025-09-09T10:56:12.790Z,,
1eNOxxIBFyJsDjJgAnns,เห็นด้วย,2025-07-02T10:20:23.720Z,2025-07-02T10:20:23.720Z,ลดข้อจำกัดและการกีดกันคุณสมบัติ เพื่อเพิ่มความหลากหลาย,2rIAoKtf0uRsbMDTZ6kE,2025-07-02T10:20:23.720Z,C36,
1o1C3PPCHxm4LWK9sKRz,เห็นด้วย,2025-07-02T10:20:23.720Z,2025-07-02T10:20:23.720Z,สสร. ต้องมีการกำหนดคุณสมบัติในเชิงสากล เช่น ความสามารถในการรับผิดชอบได้ ความโปร่งใส,w1UaINJpdc3KsocCvWSD,2025-07-02T10:20:23.720Z,C208,
1oPpxh4IPCI4Qosqi6Oe,เห็นด้วยบางส่วน,2025-07-02T10:20:23.720Z,2025-07-02T10:20:23.720Z,ในเรื่องความหลากหลายของ สสร. ต้องมีการกำหนดการคัดกรองคุณสมบัติเรื่องการเปลี่ยนอาชีพของผู้สมัคร สสร. เช่น เคยเป็นทหารมาหรือไม่,4CGZkWkBlX9VNSkBJEGI,2025-07-02T10:20:23.720Z,C241,
1wVZ9dJdghCbiibyjjhT,เห็นด้วย,2025-07-02T10:20:23.720Z,2025-07-02T10:20:23.720Z,ต้องทำให้รัฐธรรมนูญเป็นเรื่องที่ง่ายก่อน ไม่ใช่แค่เรื่องของคนในเมืองและคนมีการศึกษา,qq5SykirmTIWsbbBDARc,2025-07-02T10:20:23.720Z,C288,
21xzPjI0y5gi4Aph4m30,เห็นด้วย,2025-09-15T04:21:52.511Z,2025-09-15T04:21:52.511Z,รวมถึงการพัฒนาเทคโนโลยีทางอวกาศ,yaBWRUKJeB6kxCpL8yQM,2025-09-15T04:21:07.596Z,,
29hh88S9mdWtZKHCq81w,เห็นด้วย,2025-07-02T10:20:23.720Z,2025-07-02T10:20:23.720Z,เป็นผู้เชื่อมโยง เป็นคนทำ public hearing มากกว่า,Qq1TpRiXFWMxooMqijVt,2025-07-02T10:20:23.720Z,C323,
2BudDxi5LOqpoI5mSY1W,เห็นด้วย,2025-07-02T10:20:23.720Z,2025-07-02T10:20:23.720Z,representative ไม่ควรถูก dominate จากด้านใดด้านหนึ่ง ไม่งั้นจะมีการเอื้อประโยชน์แก่คนกลุ่มหนึ่ง,hHM0HVjqwKVeG9AWTAZF,2025-07-02T10:20:23.720Z,C277,
2DLIkmGi9QD7O0DFCX6M,เห็นด้วย,2025-09-15T04:20:21.895Z,2025-09-15T04:20:21.895Z,เทคโนโลยีควรถูกใช้ในการพัฒนาสังคมในทุกมิติ: การเกษตร การศึกษา การแพทย์,yaBWRUKJeB6kxCpL8yQM,2025-09-15T04:20:21.895Z,,
2IYwMTNCuKiBvg5CrRng,เห็นด้วย,2025-09-09T10:51:43.209Z,2025-09-09T10:51:43.209Z,ทนายอาสามักแนะนำให้ “รับสารภาพไปเถอะ” เพื่อให้โทษลดลง ทำให้ผู้ต้องขังบางส่วนรู้สึกว่าไม่ได้รับข้อมูลสิทธิทางกฎหมายอย่างรอบด้าน,YyfjnhJ84S5XvwMrBu0N,2025-09-09T10:51:43.209Z,,
2JF1mfc4itr32VkF0rw6,เห็นด้วย,2025-07-02T10:20:23.720Z,2025-07-02T10:20:23.720Z,ระบบของกลุ่มผู้เชี่ยวชาญต้องมี body ที่ชัดเจน ไม่ใช่กลุ่มลอย ๆ แบบอิสระ,ntBJAaqOZ6CVfzvCIdlt,2025-07-02T10:20:23.720Z,C188,Dxx97EmKFLXfJRoEzH06
2RG6qc2tztDlZvp1tvOF,เห็นด้วย,2025-07-02T10:20:23.720Z,2025-07-02T10:20:23.720Z,เอาไปวิเคราะห์ว่าก่อนร่าง รธน. ว่า รธน. จากสสร. ที่รับเลือกมันควรเป็นแบบไหน และรธน. ที่ออกมาหลังร่างเป็นยังไง,JkV4OtnlhvCzKVDYLx7h,2025-07-02T10:20:23.720Z,C82,
2YrIjZBWcnae1K9T2lyO,เห็นด้วย,2025-07-02T10:20:23.720Z,2025-07-02T10:20:23.720Z,เห็นด้วย ต้องมีกระบวนการคัดกรองที่โปร่งใส และมีความเป็นธรรมและไม่ใช่เพียงเจ้าหน้าที่รัฐเป็นคนคัดกรอง แต่ต้องมีภาคประชาสังคมเข้ามาคัดกรองด้วย,ioBTEBAqB3GfzOzop0K3,2025-07-02T10:20:23.720Z,C5,AxjNgQeYOaAMea6LevWg
2kzHxeeLZMZrNsMMtEO1,ไม่เห็นด้วย,2025-07-02T10:20:23.720Z,2025-07-02T10:20:23.720Z,ไม่จำเป็นต้องจบปริญญาตรี จบมัธยมก็สามารถเป็นสสร.ได้,8vddQeCXJp9iuCwsqe7l,2025-07-02T10:20:23.720Z,C217,hlIA18qqDJTqmloRSuBh
2oTgVMnu79oIKsm5Vg8L,ไม่เห็นด้วย,2025-07-02T10:20:23.720Z,2025-07-02T10:20:23.720Z,ควรมีการกำหนดผู้แทนในระดับจังหวัด,2rIAoKtf0uRsbMDTZ6kE,2025-07-02T10:20:23.720Z,C31,
2qHMh3tWHIyUfluO5wGI,เห็นด้วย,2025-07-02T10:20:23.720Z,2025-07-02T10:20:23.720Z,ให้ความสำคัญกับเกษตรกร ที่เป็นกระดูกสันหลังของชาติ,peEZ4F0cByDfdVv4Mh5R,2025-07-02T10:20:23.720Z,C313,
34O9apAzLZnufCje8FBU,เห็นด้วย,2025-07-02T10:20:23.720Z,2025-07-02T10:20:23.720Z,ต้องไม่เป็นกลุ่มตัวแทนของคณะใดคณะหนึ่ง,nrEaDmep95iroWpISISA,2025-07-02T10:20:23.720Z,C17,
38dFaF7XRwgMJPWEHQMH,เห็นด้วย,2025-07-02T10:20:23.720Z,2025-07-02T10:20:23.720Z,ควรมีการเช็คว่าได้ทำตามสัญญาเวลาที่หาเสียงไหม,w1UaINJpdc3KsocCvWSD,2025-07-02T10:20:23.720Z,C197,
3LsaCn2VOnpowHnit8AK,เห็นด้วย,2025-07-02T10:20:23.720Z,2025-07-02T10:20:23.720Z,อยากให้ประชาชนสนใจการเลือกตั้ง สสร. เพราะเป็นการเลือกตั้งทางตรง ที่ผ่านมาเราเน้นการเลือกตั้งทางอ้อม ผ่านตัวแทนมากกว่า,peEZ4F0cByDfdVv4Mh5R,2025-07-02T10:20:23.720Z,C314,
3Nd3Mhgbg5c2OMgIaFKV,เห็นด้วย,2025-07-02T10:20:23.720Z,2025-07-02T10:20:23.720Z,ผู้ดำรงตำแหน่ง สสร. ต้องไม่มีงานประจำ ณ วันที่ได้รับตำแหน่ง,59G9i7h4GZtz0ScSAn0C,2025-07-02T10:20:23.720Z,C173,
3RVRhk13WGME6sRVAHbi,เห็นด้วย,2025-07-02T10:20:23.720Z,2025-07-02T10:20:23.720Z,สสร. ต้องมีเอกสิทธิ์ในการแสดงความเห็น ไม่ว่าจะเรื่องใดๆ,yhZRzAUfUTa7emEn5TrG,2025-07-02T10:20:23.720Z,C100,
3f6xflafqY193qEJofSD,เห็นด้วยบางส่วน,2025-07-02T10:20:23.720Z,2025-07-02T10:20:23.720Z,ผู้เชี่ยวชาญเป็นผู้เล่นรอง ใช่ แต่ความเชี่ยวชาญไม่สำคัญเท่าการ push agenda ความอยากแก้รัฐธรรมนูญ (จากกลุ่มหลากหลาย),ntBJAaqOZ6CVfzvCIdlt,2025-07-02T10:20:23.720Z,C186,Dxx97EmKFLXfJRoEzH06
3x4Sj02hli6Lad5vqgih,เห็นด้วย,2025-07-02T10:20:23.720Z,2025-07-02T10:20:23.720Z,คิดถึงไอเดียของเยอรมัน เขาใช้วิธีการแต่ละรัฐเลือกมารวม 60 คน พอตัวแทนแต่ละรัฐไปคุย เขาก็มีตุ๊กตาของรัฐธรรมนูญมาของตัวเอง แล้วเอาไปรวม,Qq1TpRiXFWMxooMqijVt,2025-07-02T10:20:23.720Z,C318,
41P0raW72m7NROWaKKHH,เห็นด้วยบางส่วน,2025-07-02T10:20:23.720Z,2025-07-02T10:20:23.720Z,คดีการเมือง เช่น 112 ไม่ควรถูกกีดกัน,w1UaINJpdc3KsocCvWSD,2025-07-02T10:20:23.720Z,C193,pvgzXQmEqXcLkAu72Asi
479kPEmbjn8xopPmhPWz,เห็นด้วย,2025-07-02T10:20:23.720Z,2025-07-02T10:20:23.720Z,หลาย ๆ ประเทศ ลดเพดานอายุผู้มีสิทธิเลือกตั้งแล้ว เช่น ออสเตรีย 16 ปี,pegZwJVtwSuC87fEl0UZ,2025-07-02T10:20:23.720Z,C255,
4JP4RkQa9wFHvjR5mKM9,เห็นด้วยบางส่วน,2025-07-02T10:20:23.720Z,2025-07-02T10:20:23.720Z,กกต.จัดการเลือกตั้งอย่างเป็นอิสระ ไม่ผ่าน มท. โดยเปิดรับสมัครอาสาสมัคร ผ่านการฝึกอบรม เพื่อทำหน้าที่ประจำหน่วยเลือกตั้ง (ไม่ผ่าน มท.),f8RGpxZJ7dQCu4DY6KRj,2025-07-02T10:20:23.720Z,C23,ezGtPQ5kNoPJcx6H2kek
4Oyb9X2JiSOQ2NsgNUvQ,เห็นด้วยบางส่วน,2025-07-02T10:20:23.720Z,2025-07-02T10:20:23.720Z,ไม่เชื่อในความอิสระ (เลือกใครก็ได้เข้ามา) ควรมีการคำนึงถึงชนกลุ่มน้อย ต้องมีการวางโควตาเป็นสัดส่วนที่ชัดเจน,tB7DEtiqE3Wvd4N16LQd,2025-07-02T10:20:23.720Z,C226,
4QVtqJ2F6kompUmf2Oa9,เห็นด้วย,2025-07-02T10:20:23.720Z,2025-07-02T10:20:23.720Z,ตัววัดผลเรื่องการสื่อสารคือจำนวนผู้ลงคะแนน เนื่องจากเดิมมันมีคนมาใช้เสียงน้อย,peEZ4F0cByDfdVv4Mh5R,2025-07-02T10:20:23.720Z,C306,
4SAc9JbRnJzLkbxT2lGD,เห็นด้วย,2025-09-09T10:59:06.084Z,2025-09-09T10:59:06.084Z,ผู้ต้องขังระหว่างฯ ต้องมีสิทธิที่จะเป็นผู้บริสุทธิจนกว่าจะมีคำตัดสินจากศาล,S6GtIWAGWDQXstwOMsxM,2025-09-09T10:59:06.084Z,,
4X08Qgzc8qLT7f0oxrok,ไม่เห็นด้วย,2025-07-02T10:20:23.720Z,2025-07-02T10:20:23.720Z,ภูมิศาสตร์ไม่ได้สะท้อนความต้องการเสมอไป แต่ว่าเป็นเกณฑ์ที่ง่ายที่สุดเพื่อให้คนไปออกเสียง,2rIAoKtf0uRsbMDTZ6kE,2025-07-02T10:20:23.720Z,C68,65HbF76CoG7Fg9Qa1QQr
4f5lgmo519h3AstfALXd,เห็นด้วยบางส่วน,2025-07-02T10:20:23.720Z,2025-07-02T10:20:23.720Z,สภา/ครม. สามารถกำหนด อำนวยความสะดวกให้ได้ และเปิดกว้างให้กระบวนการ,KxylHYyk2a6LnAUMKuCA,2025-07-02T10:20:23.720Z,C84,
4pQqbJ5LZ7RI5fu9umf0,เห็นด้วย,2025-11-27T08:36:33.183Z,2025-11-27T08:36:33.183Z,การถูกเลิกจ้างกลางคันเพราะนายจ้างตรวจพบประวัติอาชญากรรม ทำให้ตนต้องกลับไปยุ่งเกี่ยวกับยาเสพติด และกลับเข้าเรือนจำเป็นครั้งที่สอง,BT8x8rmFStJjIMvPB10J,2025-11-27T08:36:33.183Z,,
4s79ptlfhMcDxsItHkEf,เห็นด้วย,2025-07-02T10:20:23.720Z,2025-07-02T10:20:23.720Z,สสร. ต้องประกอบด้วยกลุ่มคนที่หลากหลายประเด็น อาชีพและความคิดเห็น,4CGZkWkBlX9VNSkBJEGI,2025-07-02T10:20:23.720Z,C247,ykgFSLJiZZMo0ZNGF98c
4uRVTmJIXAKI74O9D0EG,เห็นด้วย,2025-07-02T10:20:23.720Z,2025-07-02T10:20:23.720Z,ผู้เชี่ยวชาญควรมาคุยกันเองก่อน เพื่อตกผลึก agenda ของกลุ่มตัวเอง เพื่อเป็นแก่นในการร่างกฎหมายต่อไป,ntBJAaqOZ6CVfzvCIdlt,2025-07-02T10:20:23.720Z,C185,
58ithehzptkJMMwctHDz,เห็นด้วย,2025-07-02T10:20:23.720Z,2025-07-02T10:20:23.720Z,ไม่จำเป็นต้องเชี่ยวชาญเรื่องกฎหมายอย่างเดียว,JrrSMrVIPnXKGeNiUZIJ,2025-07-02T10:20:23.720Z,C285,
59M9dWEMl17SWuTB8at1,ไม่เห็นด้วย,2025-07-02T10:20:23.720Z,2025-07-02T10:20:23.720Z,ตัวแทนภูมิภาคจะสร้างเงื่อนไขที่เป็นตัวแทนกลุ่มอาชีพ,2rIAoKtf0uRsbMDTZ6kE,2025-07-02T10:20:23.720Z,C67,65HbF76CoG7Fg9Qa1QQr
5Kc5WiGAPZOaQ48LVKYa,เห็นด้วยบางส่วน,2025-07-02T10:20:23.720Z,2025-07-02T10:20:23.720Z,เสนอกลุ่มให้ครบ ครอบคลุมความหลากหลายและความเป็นตัวแทน,lY0oZzdYo9y3zFhhYnmy,2025-07-02T10:20:23.720Z,C78,
5PziCqrcjcQn0mdve1dd,เห็นด้วยบางส่วน,2025-07-02T10:20:23.720Z,2025-07-02T10:20:23.720Z,สสร. ควรอยู่ใน role education เรื่องรัฐธรรมนูญดีกว่า เพื่อสื่อสารกับคนในระยะยาว มากกว่าการมีอำนาจ,Zm98HOrjLwwudUq56iax,2025-07-02T10:20:23.720Z,C276,
65HbF76CoG7Fg9Qa1QQr,ไม่เห็นด้วย,2025-09-09T11:24:42.235Z,2025-09-09T11:24:42.235Z,สสร ควรเป็นตัวแทนตามพื้นที่ เพราะต่างที่ ต่าง concern,2rIAoKtf0uRsbMDTZ6kE,2025-09-09T11:24:42.235Z,,
6IiJd0Jva4coeITiZLkX,ไม่เห็นด้วย,2025-07-02T10:20:23.720Z,2025-07-02T10:20:23.720Z,คิดว่าตอนนี้ใช้ Agenda Driven แล้ว มันมีเวทีที่ Empowering มากมาย,hHM0HVjqwKVeG9AWTAZF,2025-07-02T10:20:23.720Z,C278,nwAHKB5cLzw3drCmB3nu
6UnuQzHGUPOfXycF5Qdr,เห็นด้วย,2025-07-02T10:20:23.720Z,2025-07-02T10:20:23.720Z,สสร.ควรย้อนกลับไปดูบทเรียนในอดีต เพราะปี 2557 เกิดจากการรัฐประหาร ยอมไม่ได้,UiPSbzGwIdu94dj1WKN4,2025-07-02T10:20:23.720Z,C339,
6Vllrhu21GuKubGMmXjI,ไม่เห็นด้วย,2025-07-02T10:20:23.720Z,2025-07-02T10:20:23.720Z,ไม่ควรกีดกันผ่านกระบวนการรับสมัครตั้งแต่ต้น ไม่ควรกำหนดคุณสมบัติ แต่ให้ประชาชนเป็นคนเลือกเอง,mMeEpUAziHDhG50zT935,2025-07-02T10:20:23.720Z,C103,bWRjIZZGV3aZFQyJyp5t
6XLomAWU3PWC5FRTYsWy,เห็นด้วย,2025-11-27T08:40:42.290Z,2025-11-27T08:40:42.290Z,เพราะมองว่าการช่วยเหลือด้วยเงินไม่เพียงพอ อยากให้คุ้มครองการใช้ชีวิตในแง่อื่นร่วมด้วย “บางเรื่องเราแบกคนเดียวไม่ได้”,KGlNY6Z1v9IK1r2wc172,2025-11-27T08:40:42.290Z,,
6qc83SLS8vUBscnvHScr,เห็นด้วย,2025-07-02T10:20:23.720Z,2025-07-02T10:20:23.720Z,ควรมีตัวแทนในเชิงวิชาชีพด้วย เพื่อสะท้อนผลประโยชน์ของอาชีพและชนชั้นของตนเอง,cwMYFZkBcDAT64xVGPYi,2025-07-02T10:20:23.720Z,C89,0ThNahMU1b2LXwUr6v2P
6s7QB9dAbnIZXDPfduhW,เห็นด้วย,2025-07-02T10:20:23.720Z,2025-07-02T10:20:23.720Z,ควรเพิ่มงบประมาณวิจัยเพื่อพัฒนาประเทศให้ดีขึ้น,XjCp9loWyVJVNkl15Rhj,2025-07-02T10:20:23.720Z,C342,
79Vidtqbv5i4f7Sk6hJk,เห็นด้วย,2025-07-02T10:20:23.720Z,2025-07-02T10:20:23.720Z,เพื่อเพิ่ม political education ส่งเสริมการมีส่วนร่วมของประชาชน,U3yJP2gjVAZV5h2JzNxY,2025-07-02T10:20:23.720Z,C58,
7CuyytV2YeD72AOrD8vX,ไม่เห็นด้วย,2025-07-02T10:20:23.720Z,2025-07-02T10:20:23.720Z,บางคนอาจจะไม่มีรายได้เยอะพอดูแลตัวเอง ควรให้มีอาชีพอื่นได้,oRaHQAaxlJ5gKS85cssh,2025-07-02T10:20:23.720Z,C8,
7QahlvuPEPJwTuRyQRhl,เห็นด้วยบางส่วน,2025-07-02T10:20:23.720Z,2025-07-02T10:20:23.720Z,ต้องมีแนวทางแนะนำตัวที่ไม่ได้จบแค่ใบสมัครบนกระดาษ,AaA3IdPpPRmGriTmLm26,2025-07-02T10:20:23.720Z,C42,
7X1JlF87yIiaCeQtVekI,เห็นด้วย,2025-07-02T10:20:23.720Z,2025-07-02T10:20:23.720Z,เพราะสสร.ไม่สามารถ independent ได้แล้ว แต่ให้เปิดเผยไปเลยว่าคุณมีเฉดแบบไหน,PPDctBeP0CJft1MFeAC8,2025-07-02T10:20:23.720Z,C129,
7ZImdY1Go5bjHVzwktSd,เห็นด้วย,2025-07-02T10:20:23.720Z,2025-07-02T10:20:23.720Z,อินโดนีเซียไม่เอาทหารมาเกี่ยวพันกับการร่างรัฐธรรมนูญ,1nja4ZhMvSVsjlVvtx9r,2025-07-02T10:20:23.720Z,C45,
7ylAbqOFz4Delu2OOW2k,ไม่เห็นด้วย,2025-07-02T10:20:23.720Z,2025-07-02T10:20:23.720Z,สสร. ต้องไม่มีความเกี่ยวโยงกับคณะรัฐประหาร เพื่อไมให้เอื้อต่อการคงอยู่ของระบอบเดิม,VWv2kzIsYMLNk5oxEMFe,2025-07-02T10:20:23.720Z,C170,
85doAtpvyQsaQz8HxYo0,เห็นด้วยบางส่วน,2025-11-27T08:37:18.814Z,2025-11-27T08:37:18.814Z,จะล้างหรือไม่ล้างประวัติอาชญากรรมก็ได้ ขอแค่พ้นโทษออกมาแล้วไม่ถูกสังคมกีดกันก็พอ,BT8x8rmFStJjIMvPB10J,2025-11-27T08:37:18.814Z,,q1FfU02VjBxgKUOBpaHC
8HH5LPFod9GtBdEwfyop,เห็นด้วย,2025-07-02T10:20:23.720Z,2025-07-02T10:20:23.720Z,เปิดรับสมัครทั้งผู้เชี่ยวชาญและประชาชนทั่วไปเป็นคณะที่ปรึกษาทำงานร่วมกับ สสร.,04igkOa0KDKz9yfJogEo,2025-07-02T10:20:23.720Z,C73,
8KB4RO4UNHd7UzARi3GC,เห็นด้วย,2025-07-02T10:20:23.720Z,2025-07-02T10:20:23.720Z,ไม่จำเป็นต้องมีอำนาจตัดสินใจ แต่ต้องเป็นคณะทำงานเพื่อให้ความเห็นให้เนื้อหาไม่เบี้ยวไป,lY0oZzdYo9y3zFhhYnmy,2025-07-02T10:20:23.720Z,C76,
8NhqIUeHzeVsGCN0S3Mu,เห็นด้วย,2025-07-02T10:20:23.720Z,2025-07-02T10:20:23.720Z,ไม่ให้ผู้ฉกฉวยอำนาจ (ทหาร ตำรวจ) เข้ามามีส่วนร่วม,aCL83gC4Gh7cOdX9XhxE,2025-07-02T10:20:23.720Z,C271,
8Pfg0nL2qGmJCZ8oLRd0,เห็นด้วย,2025-07-02T10:20:23.720Z,2025-07-02T10:20:23.720Z,หลีกเลี่ยงพื้นที่เล็กยิ่งดี เพราะสามารถหลีกเลี่ยงปัญหาเรื่องหัวคะแนนได้,U3yJP2gjVAZV5h2JzNxY,2025-07-02T10:20:23.720Z,C59,zxhpNMPKlP69hrkoRI3q
8UEGM5MvQVmL16SxPOo5,เห็นด้วยบางส่วน,2025-07-02T10:20:23.720Z,2025-07-02T10:20:23.720Z,มีจำนวน 100-150 คน แต่ตัวแทนจังหวัดต้องไม่เหมือนการเลือก สว. ในปี 67,8WtlnkWM0PlR19PBZTR8,2025-07-02T10:20:23.720Z,C61,
8uVu800AdLniyyJshTlO,เห็นด้วย,2025-09-05T10:21:00.912Z,2025-09-05T10:21:00.912Z,รัฐควรสนับสนุนให้เด็กและเยาวชนสามารถเข้าถึงระบบการศึกษาได้อย่างเท่าเทียม รวมทั้งการสร้างสภาพแวดล้อมที่เอื้อต่อการศึกษา,wODKVw70M0C8blVDMpfL,2025-09-05T10:21:00.912Z,,
9GW2UlwkVhabELr942Oy,ไม่เห็นด้วย,2025-07-02T10:20:23.720Z,2025-07-02T10:20:23.720Z,ควรพิจารณาเรื่องการประชาสัมพันธ์ของ สสร กังขาเรื่องการกุม agenda ในการเผยแพร่ข้อมูล (ซ้ำรอย รธน60),UAUwl0DaojqWo5PD1hl8,2025-07-02T10:20:23.720Z,C176,
9Wg8NXHSoow7w8tIkGoK,เห็นด้วย,2025-09-05T10:41:48.003Z,2025-09-05T10:41:48.003Z,โดยเฉพาะผู้ด้อยโอกาส เช่น ผู้พิการ ก็ควรได้กับการคุ้มครองให้มีทุนสำหรับตั้งต้นชีวิตและประกอบอาชีพ,t6hibvHASB7ImBStKhrw,2025-09-05T10:41:48.003Z,,
9qXSTfTA4Bs9XYApcRWW,เห็นด้วยบางส่วน,2025-07-02T10:20:23.720Z,2025-07-02T10:20:23.720Z,การไม่อยู่ภายใต้กลุ่มการเมืองทำได้ยาก แต่อาจจะให้เป็น facilitator ที่เป็นคนรวบรวมไอเดีย แต่ไม่ใช่คนออกความเห็น,VWv2kzIsYMLNk5oxEMFe,2025-07-02T10:20:23.720Z,C109,iEQebMJL5nW2f4IVdjos
9tU3F6s7F5AiMcaTfuCz,เห็นด้วย,2025-07-02T10:20:23.720Z,2025-07-02T10:20:23.720Z,การกระจายอำนาจเป็นหนทางหนึ่งในการพัฒนาประเทศ,53UEd7GeI48aWUYhrgWZ,2025-07-02T10:20:23.720Z,C344,
9vD42917fp3SMYF0oSyA,เห็นด้วย,2025-07-02T10:20:23.720Z,2025-07-02T10:20:23.720Z,ให้มีการตั้งกรรมาธิการ หรืออนุกรรมาธิการเพื่อรับฟังระเด็นเฉพาะแยก ๆ ไป เพื่อรับประกันการรับฟังเสียงจากประชาชน,ntBJAaqOZ6CVfzvCIdlt,2025-07-02T10:20:23.720Z,C191,
A80kTqWLUB7YmRMiSwzL,เห็นด้วย,2025-07-02T10:20:23.720Z,2025-07-02T10:20:23.720Z,สื่อ ประชาชน นักวิชาการและภาคประชาสังคมต้องร่วมมือกัน,30iUR5Bs1u2g842KdF3y,2025-07-02T10:20:23.720Z,C159,
ADMVNG8oU91Mw3y63Vfc,เห็นด้วย,2025-07-02T10:20:23.720Z,2025-07-02T10:20:23.720Z,เทคโนโลยีสามารถทำให้วิเคราะห์ Big Data เพื่อช่วยในการตัดสินใจได้,Qq1TpRiXFWMxooMqijVt,2025-07-02T10:20:23.720Z,C322,oNKKsxBjbAXD5gVkyyar
AV2msfzJisedPnj3GlE6,เห็นด้วยบางส่วน,2025-07-02T10:20:23.720Z,2025-07-02T10:20:23.720Z,ไม่แน่ใจว่าการให้อำจาจองค์กรอิสระ อาจนำไปสู่การกลั่นแกล้งทางการเมือง,mb426CKotDswSd9rgWPp,2025-07-02T10:20:23.720Z,C88,
AVpCYLaFrwVgjPwVTBkT,ไม่เห็นด้วย,2025-07-02T10:20:23.720Z,2025-07-02T10:20:23.720Z,ผู้สูงอายุควรเป็นแค่ที่ปรึกษา มากกว่าเป็น สสร โดยตรง,pegZwJVtwSuC87fEl0UZ,2025-07-02T10:20:23.720Z,C252,
AWAMAkTpMJKT6bAmvrHU,เห็นด้วย,2025-07-02T10:20:23.720Z,2025-07-02T10:20:23.720Z,อยากเลือกเลยไม่มาสมัคร,eI7AwyqnfrU90ciZcB2J,2025-07-02T10:20:23.720Z,C260,
AaPt20t8Excca8vzCQzn,เห็นด้วย,2025-07-02T10:20:23.720Z,2025-07-02T10:20:23.720Z,เพื่อสะท้อนจุดยืนร่วมกันทั้งหมด,i7nD4nBuvDJmmwAAfNuk,2025-07-02T10:20:23.720Z,C64,
AdEYuiYNYBYWYOdqSwh9,ไม่เห็นด้วย,2025-07-02T10:20:23.720Z,2025-07-02T10:20:23.720Z,เราต้องหารูปแบบการร่างที่ไม่ฝากความหวังกับพรรคการเมือง เพราะพรรคการเมืองหาเหตุผลเข้าข้างเพื่อทำให้ช้าตลอด,bpWnfM1sudt4FMI0wS9t,2025-07-02T10:20:23.720Z,C287,
AfGJx1rGomFJjLqvZ91L,เห็นด้วยบางส่วน,2025-07-02T10:20:23.720Z,2025-07-02T10:20:23.720Z,กรอบเวลาต้องไม่ถูกนำมาเป็นเงื่อนไข ซื้อเวลา,UiN8egrbml9767vx9jT5,2025-07-02T10:20:23.720Z,C331,0dYNkhTK9vQECyPtUmw9
AxjNgQeYOaAMea6LevWg,เห็นด้วย,2025-07-02T10:20:23.720Z,2025-07-02T10:20:23.720Z,ต้องมี platform และ open data ให้กับประชาชนทุกคนเห็นถึงปัญหา,ioBTEBAqB3GfzOzop0K3,2025-07-02T10:20:23.720Z,C3,
BEtyfZUrCT5ts8an6qjW,เห็นด้วย,2025-07-02T10:20:23.720Z,2025-07-02T10:20:23.720Z,การนำไปร่างเป็นกฎหมายต่อ ต้องให้นักกฎหมายมาทำ,ntBJAaqOZ6CVfzvCIdlt,2025-07-02T10:20:23.720Z,C181,4uRVTmJIXAKI74O9D0EG
BNeJT64yMqc1eHtsGFJc,เห็นด้วย,2025-07-02T10:20:23.720Z,2025-07-02T10:20:23.720Z,เห็นด้วย เพราะ การเป็นสมาชิกพรรคการเมืองแสดงถึงการต้องการมีส่วนร่วมทางการเมือง,30iUR5Bs1u2g842KdF3y,2025-07-02T10:20:23.720Z,C161,
BfA6Z5AKQgNJvQDZeiGO,เห็นด้วยบางส่วน,2025-07-02T10:20:23.720Z,2025-07-02T10:20:23.720Z,ผู้ที่กำหนดจำนวน สสร. คืออนุกรรมการตามความเชี่ยวชาญ จัดตั้งโดยพิจารณาจากความเชี่ยวชาญทางเทคนิค,l5syMnVe7oyPyItseDcU,2025-07-02T10:20:23.720Z,C179,
BiIYMjWFcOk8hupnoB10,เห็นด้วยบางส่วน,2025-07-02T10:20:23.720Z,2025-07-02T10:20:23.720Z,สสร. ควรปรับแก้ให้ศาลรัฐธรรมนูญไม่มีอำนาจมากเกินไป,KnLQ88WRrt7g9gfxdAr1,2025-07-02T10:20:23.720Z,C330,
BiX8sn8sgoGHnVb1OWY4,เห็นด้วย,2025-07-02T10:20:23.720Z,2025-07-02T10:20:23.720Z,ความหลากหลายเพศสภาพ อายุ อาชีพ ความเป็นตัวแทน,4CGZkWkBlX9VNSkBJEGI,2025-07-02T10:20:23.720Z,C236,
BuSCFmVRac3WHWdBvAgW,เห็นด้วย,2025-07-02T10:20:23.720Z,2025-07-02T10:20:23.720Z,ประเด็นรัฐธรรมนูญต้องเปิดให้ประชาชนเข้าถึงได้ในรูปแบบ open data,peEZ4F0cByDfdVv4Mh5R,2025-07-02T10:20:23.720Z,C309,
Bx3X1pf18pqtWmMyFgip,เห็นด้วย,2025-07-02T10:20:23.720Z,2025-07-02T10:20:23.720Z,เรียนเกี่ยวกับอะไรก็ได้,8vddQeCXJp9iuCwsqe7l,2025-07-02T10:20:23.720Z,C219,
C3YaHfmvMQHn8B7qQe0y,ไม่เห็นด้วย,2025-07-02T10:20:23.720Z,2025-07-02T10:20:23.720Z,เราไม่สามารถแยกพรรคการเมืองออกจากกระบวนการทางการเมืองได้อยู่ดี (ตัวอย่างเช่น สว.) ให้เขาประกาศตัวมาเลยดีกว่า ว่าเขาเกี่ยวข้องกับพรรคไหน,30iUR5Bs1u2g842KdF3y,2025-07-02T10:20:23.720Z,C154,weOxKzgOdsLZJOluVk6b
CDyqRePxNIdDrnf4bJwx,เห็นด้วย,2025-07-02T10:20:23.720Z,2025-07-02T10:20:23.720Z,ต้องมีการติดตามหลังจากการทำงาน,FTlX1sG1A34X6v4SF2KR,2025-07-02T10:20:23.720Z,C115,
CXnyCWlaawUgNGZt0t2b,เห็นด้วย,2026-02-27T11:01:15.011Z,2026-02-27T11:01:15.011Z,มีกลไกแสดงความเห็นที่มากขึ้นและหลากหลาย,jHdCJCKb650P142dwlCc,2026-02-27T11:01:15.011Z,,
D9nshnyY3Kn6UDDUvPp0,ไม่เห็นด้วย,2025-07-02T10:20:23.720Z,2025-07-02T10:20:23.720Z,ผู้สูงอายุมีข้อจำกัดเรื่องสุขภาพ,pegZwJVtwSuC87fEl0UZ,2025-07-02T10:20:23.720Z,C253,
DBfl5thAkPNTXk3khoxx,เห็นด้วย,2025-07-02T10:20:23.720Z,2025-07-02T10:20:23.720Z,บางคนไม่ได้เฉพาะทางด้านนั้น ทำให้เกิด bias,5rWaEjqgvDdjO8xjUyME,2025-07-02T10:20:23.720Z,C107,
DIbxmC7WpKJ0DCORdhI4,เห็นด้วย,2025-07-02T10:20:23.720Z,2025-07-02T10:20:23.720Z,ต้องคิดถึงการสื่อสารไปยังคนป่วย คนพิการ คนไม่มีโทรศัพท์มือถือ,peEZ4F0cByDfdVv4Mh5R,2025-07-02T10:20:23.720Z,C303,
DN0FylclpqsCnpVWreDY,เห็นด้วย,2025-07-02T10:20:23.720Z,2025-07-02T10:20:23.720Z,สุดท้ายประชามติก็สะท้อนแค่เพียงประชานิยม,tB7DEtiqE3Wvd4N16LQd,2025-07-02T10:20:23.720Z,C228,jKtwkjU2YTASF4dQhkuX
DNDM36EkKbLrRyl9EMY2,เห็นด้วยบางส่วน,2025-07-02T10:20:23.720Z,2025-07-02T10:20:23.720Z,ควรยึดโยง และเป็นผู้แทนด้านอุดมการณ์ โดยยังมีความยึดโยงกับฝ่ายนิติบัญญัติ (รัฐสภา),2rIAoKtf0uRsbMDTZ6kE,2025-07-02T10:20:23.720Z,C34,
Db2yXR5QZKWC1ehP1w63,เห็นด้วย,2026-02-27T10:58:34.401Z,2026-02-27T10:58:34.401Z,เพื่อให้ผลประโยชน์ส่วนตัวดังนั้นก็จะถูกจำกัดควบคุมไม่ให้มีอำนาจมากเกินไปจนเกิดผลร้านต่อสังคมในภาพรวม,y02zxIhpl5SrMiqbe6PZ,2026-02-27T10:58:34.401Z,,
DffuD3sbUqbU1eCj1iWp,เห็นด้วยบางส่วน,2025-07-02T10:20:23.720Z,2025-07-02T10:20:23.720Z,ไม่ควรปิดกั้นแต่ต้องมีสิทธิที่ถูกเปิดเผยข้อมูล,w1UaINJpdc3KsocCvWSD,2025-07-02T10:20:23.720Z,C204,
Dxx97EmKFLXfJRoEzH06,เห็นด้วย,2025-07-02T10:20:23.720Z,2025-07-02T10:20:23.720Z,ผู้เชี่ยวชาญควรเป็นตัวเสริมมากกว่าผู้เล่นหลัก,ntBJAaqOZ6CVfzvCIdlt,2025-07-02T10:20:23.720Z,C184,
EHrkYtcey5avDcV5GvmD,เห็นด้วย,2025-09-15T04:17:26.196Z,2025-09-15T04:17:26.196Z,ท้องถิ่นต้องสามารถบริหารจัดการตนเองได้,QnMEfvJp90FiAYeNtnXb,2025-09-15T04:17:26.196Z,,
EPH5HtrifYzXDMUCbdTm,เห็นด้วย,2025-07-02T10:20:23.720Z,2025-07-02T10:20:23.720Z,ไม่ยัดเยียดเนื้อหาให้กับประชาชน ไม่โยนภาระให้ประชาชนไปศึกษาเอง แต่ต้องอธิบายให้เข้าใจเรื่อง สสร. ว่ามีที่มาจากไหน และมีเพื่ออะไร,FTlX1sG1A34X6v4SF2KR,2025-07-02T10:20:23.720Z,C116,
EUUZZiJJFEwq6bVtOB2O,เห็นด้วย,2025-07-02T10:20:23.720Z,2025-07-02T10:20:23.720Z,ผู้เชี่ยวชาญควรสร้างพื้นที่ ทำหน้าที่กระบวนกรเพื่อรวบรวมและนำประเด็นจากประชาชนมาเขียนกฎหมาย,Pl9XOn5DOwkr51BNH2hh,2025-07-02T10:20:23.720Z,C11,m13xLNSqMioA11nJLvLe
EYuPW789sLuOfnoERw9S,เห็นด้วย,2026-02-27T10:46:18.484Z,2026-02-27T10:46:18.484Z,รัฐธรรมนูญควรโอบรับความหลากหลาย: สามารถรองรับและให้พื้นที่แก่คนทุกกลุ่มในสังคมอย่างเท่าเทียม,V8mRVC0MDmkQBgs9erqT,2026-02-27T10:46:18.484Z,,
EcEfKa3Uzv4Eza0LPHdl,เห็นด้วยบางส่วน,2025-07-02T10:20:23.720Z,2025-07-02T10:20:23.720Z,ต้องมีอุดมการณ์ทางการเมืองที่เป็นประชาธิปไตย ไม่เป็นปฏิปักษ์ต่อประชาธิปไตย,8vddQeCXJp9iuCwsqe7l,2025-07-02T10:20:23.720Z,C214,hlIA18qqDJTqmloRSuBh
EjLgVrqNgJv0sVBKRBP1,เห็นด้วยบางส่วน,2025-07-02T10:20:23.720Z,2025-07-02T10:20:23.720Z,ความว่าเร็วหรือช้าของแต่ละคนไม่เหมือนกัน ต้องกำหนดกรอบเวลามาเลย,gVOKNIr5SqGSYt4UQGwz,2025-07-02T10:20:23.720Z,C293,
FAyexge78WytZ5sLK6Ui,เห็นด้วยบางส่วน,2025-07-02T10:20:23.720Z,2025-07-02T10:20:23.720Z,ระบอบเดิม ถ้าหมายถึงรัฐบาลเก่า คิดว่าไม่ควรกีดกัน เพื่อก็ถือเป็นคนไทยคนนึงที่มีส่วนได้ส่วนเสียกับรัฐธรรมนูญ,VWv2kzIsYMLNk5oxEMFe,2025-07-02T10:20:23.720Z,C164,7ylAbqOFz4Delu2OOW2k
FVtqOZUpIMRdPWcViubl,เห็นด้วย,2025-07-02T10:20:23.720Z,2025-07-02T10:20:23.720Z,สสร. ควรมาจากประชาชนทั้งหมดจริงๆ เพราะเป็นผู้ได้รับปัญหา,aCL83gC4Gh7cOdX9XhxE,2025-07-02T10:20:23.720Z,C272,
GU1M1vbrTwVHJa75R6Q3,ไม่เห็นด้วย,2025-07-02T10:20:23.720Z,2025-07-02T10:20:23.720Z,บางคนก็เป็นสมาชิกพรรคการเมือง ซึ่งควรจะสมัครเป็นสสร.ได้,VWv2kzIsYMLNk5oxEMFe,2025-07-02T10:20:23.720Z,C168,7ylAbqOFz4Delu2OOW2k
GkEOln4YxaahSvBIPopV,เห็นด้วย,2025-09-05T10:33:35.572Z,2025-09-05T10:33:35.572Z,สนับการส่งเสริมความรู้ในเรือนจำ โดยอยากให้ในเรือนจำมีหนังสือเรียนจำนวนเยอะกว่านี้,hfmR2J1HSybT3k2ocQnN,2025-09-05T10:33:35.572Z,,
Gp9NwiPxRd8MybqHApXV,เห็นด้วย,2025-07-02T10:20:23.720Z,2025-07-02T10:20:23.720Z,แต่อาจจะต้องแบ่งวิธีการเลือกเป็นหลายแบบ เพื่อให้สะท้อนเชิงพื้นที่และกลุ่มประชากร,wnWqZuCRhIESkI8KhmhZ,2025-07-02T10:20:23.720Z,C96,
GujH6vnReim7kRlVEuAM,เห็นด้วยบางส่วน,2025-07-02T10:20:23.720Z,2025-07-02T10:20:23.720Z,ตัวอย่างจากเยอรมันมีการกีดกันแค่พรรคนาซี โดยมี 60 + 5 ที่เป็นผู้เชี่ยวชาญจะไม่มีสิทธิโหวต,VWv2kzIsYMLNk5oxEMFe,2025-07-02T10:20:23.720Z,C112,iEQebMJL5nW2f4IVdjos
H7y6hTJdkXjYZ40qvf7c,ไม่เห็นด้วย,2025-07-02T10:20:23.720Z,2025-07-02T10:20:23.720Z,คุณสมบัติของความเป็นพลเมือง ไม่ควรดูแค่โทษเพราะเป็นปัญหา เช่น การถูกเว้นวรรคทางการเมือง คนที่อยู่ในคุกก็เป็นพลเมือง ไม่ควรถูกจำกัด,w1UaINJpdc3KsocCvWSD,2025-07-02T10:20:23.720Z,C198,pvgzXQmEqXcLkAu72Asi
H8wemWUVt7LMwOOIS9fY,ไม่เห็นด้วย,2025-07-02T10:20:23.720Z,2025-07-02T10:20:23.720Z,"สสร. ต้องมีจำนวน 10,000 คน",l5syMnVe7oyPyItseDcU,2025-07-02T10:20:23.720Z,C180,
HFAcvmXsBHz57hYl2X28,เห็นด้วย,2025-09-15T04:19:43.861Z,2025-09-15T04:19:43.861Z,รัฐธรรมนูญควรยืดหยุ่น เสมอภาค ปลอดช่องโหว่ แต่ก็แก้ไขได้ผ่านกลไกเดียวกัน,IjZMXmGBxDDaJKh5DyOZ,2025-09-15T04:19:43.861Z,,
HHcWO9hcZYbG2OjYEtb2,เห็นด้วย,2026-02-27T11:01:52.425Z,2026-02-27T11:01:52.425Z,ให้อำนาจในการปกครองทั้งสาม (บริหาร นิติบัญญัติ ตุลาการ) มีความเสมอกันและประชาชนมีส่วนร่วมในกระบวนการทางศาลมากขึ้น,y02zxIhpl5SrMiqbe6PZ,2026-02-27T11:01:52.425Z,,
HYx4HXUz25aL6r9hsnuD,เห็นด้วย,2025-07-02T10:20:23.720Z,2025-07-02T10:20:23.720Z,เพื่อให้มีอำนาจจัดการเรื่องในท้องถิ่นตนเองได้อย่างมีประสิทธิภาพและมีการปฏิบัติงานอย่างโปร่งใส,53UEd7GeI48aWUYhrgWZ,2025-07-02T10:20:23.720Z,C345,
Hq1iRUFrpNRAeu2JdwsF,เห็นด้วย,2025-07-02T10:20:23.720Z,2025-07-02T10:20:23.720Z,ตัวอย่าง ชาวนา ที่จะต้องมีความรู้เรื่องที่ดิน เรื่องการแบ่งที่ดิน และเข้าใจเรื่องผลกระทบที่จะเกิดขึ้นกับภาคส่วนอื่นด้วย,sAmtB8fy0VPiNkHFh2ON,2025-07-02T10:20:23.720Z,C118,
Hu5uzJmqCnVCFsqlzdwN,เห็นด้วยบางส่วน,2025-07-02T10:20:23.720Z,2025-07-02T10:20:23.720Z,ผู้แทนต้องมีความหลากหลาย,cwMYFZkBcDAT64xVGPYi,2025-07-02T10:20:23.720Z,C92,
I4pfLaOAT1dMax5fXD3b,เห็นด้วยบางส่วน,2025-07-02T10:20:23.720Z,2025-07-02T10:20:23.720Z,อาจจะต้องมีผู้เชี่ยวชาญทั้งทฤษฎีและปฏิบัติได้ เช่น มีทั้งแต่งตั้งและเลือกตั้ง มีทั้งความรู้และคนที่เป็นตัวแทนกลุ่มนั้น ๆ,sAmtB8fy0VPiNkHFh2ON,2025-07-02T10:20:23.720Z,C119,
IBCVBZ28130D4Bh1wQjw,เห็นด้วย,2025-07-02T10:20:23.720Z,2025-07-02T10:20:23.720Z,เป็นสองแบบก็ได้ แต่อยากให้วิธีแบ่ง วิธีเลือกเหมือนกัน ไม่งั้นประชาชนจะงง,U3yJP2gjVAZV5h2JzNxY,2025-07-02T10:20:23.720Z,C57,
IC0ZtwkP0klocyuoU4Pn,เห็นด้วย,2025-07-02T10:20:23.720Z,2025-07-02T10:20:23.720Z,การร่างรัฐธรรมนูญถูกทำให้รีบและช้าด้วยพรรคการเมืองจนทำให้ประชาชนไม่อยู่ในสมการ,gVOKNIr5SqGSYt4UQGwz,2025-07-02T10:20:23.720Z,C292,
IHRPGtdNYdToi6GLamoi,เห็นด้วย,2025-07-02T10:20:23.720Z,2025-07-02T10:20:23.720Z,ควรใช้วิธีการแบบ lawmaker นายก ประธานสภามามีส่วนเกี่ยวข้อง เพื่อให้คำมั่นว่ากระบวนการร่างจะไม่อยู่บนผลประโยชน์ของกลุ่มใดกลุ่มหนึ่ง,UleYx7RFuAD5OD6KsFhE,2025-07-02T10:20:23.720Z,C123,
IJEhfDlc566PanzZ6pUP,เห็นด้วย,2025-07-02T10:20:23.720Z,2025-07-02T10:20:23.720Z,ไม่ไว้ใจผู้บริหาร-บอร์ด ซึ่งมีการบิดเบือนได้,f8RGpxZJ7dQCu4DY6KRj,2025-07-02T10:20:23.720Z,C26,
IRHu8jzIvV2x2Vfr4ynS,เห็นด้วยบางส่วน,2025-07-02T10:20:23.720Z,2025-07-02T10:20:23.720Z,แต่เนื่องจาก รธน. เป็นเรื่องของคนทั้งประเทศ จึงอยากให้ปาร์ตี้ลิสต์มีสัดส่วนเยอะกว่า,U3yJP2gjVAZV5h2JzNxY,2025-07-02T10:20:23.720Z,C55,
IZFmbasvVJJc0rb9x4dc,เห็นด้วย,2025-07-02T10:20:23.720Z,2025-07-02T10:20:23.720Z,ทำให้การเป็น สสร. ไม่ได้มาพร้อมอำนาจอันหอมหวาน,Qq1TpRiXFWMxooMqijVt,2025-07-02T10:20:23.720Z,C321,oNKKsxBjbAXD5gVkyyar
IgGaShvipK5GSQJKHcLY,เห็นด้วย,2025-07-02T10:20:23.720Z,2025-07-02T10:20:23.720Z,บางคนที่เก่ง แต่ไม่สมัครเลือกตั้ง ก็ไม่ได้มาทำหน้าที่ สสร. อย่างที่ควรจะเป็น,tB7DEtiqE3Wvd4N16LQd,2025-07-02T10:20:23.720Z,C224,jKtwkjU2YTASF4dQhkuX
JMUT01vCwWkQkVeNtKLB,เห็นด้วยบางส่วน,2025-07-02T10:20:23.720Z,2025-07-02T10:20:23.720Z,ต้องมีเงื่อนไขรองรับอาชีพเดิมที่ทำอยู่ เพื่อเป็นหลักประกันในแง่สวัสดิการ,59G9i7h4GZtz0ScSAn0C,2025-07-02T10:20:23.720Z,C171,
JXVqYHrNpbdjp8ou7wLA,เห็นด้วย,2025-07-02T10:20:23.720Z,2025-07-02T10:20:23.720Z,ผู้สมัคร สสร. ต้องไม่ดำรงตำแหน่งข้าราชการ ณ วันที่สมัคร,59G9i7h4GZtz0ScSAn0C,2025-07-02T10:20:23.720Z,C174,
JepMcNblrAVmITXa0ed8,เห็นด้วย,2025-07-02T10:20:23.720Z,2025-07-02T10:20:23.720Z,ต้องมีการเพิ่มการตื่นตัวของประชาชนผ่านเทคโนโลยีต่าง ๆ,peEZ4F0cByDfdVv4Mh5R,2025-07-02T10:20:23.720Z,C305,
JsG8F4SykNkCABwstwCy,เห็นด้วย,2025-07-02T10:20:23.720Z,2025-07-02T10:20:23.720Z,รัฐธรรมนูญไม่ใช่เรื่องที่เปลี่ยนแปลงแก้ไขแล้วจบ แต่เป็นเรื่องที่ต้องถกเถียงกันตลอดเวลาเพื่อให้สอดคล้องกับกระแสสังคมตลอดเวลา,UiPSbzGwIdu94dj1WKN4,2025-07-02T10:20:23.720Z,C337,
JztE60SMxgakOPFsX1Rd,ไม่เห็นด้วย,2025-07-02T10:20:23.720Z,2025-07-02T10:20:23.720Z,ต้องไม่มีข้อจำกัดเรื่องวุฒิ ส่วนผู้เชี่ยวชาญในประเด็นนั้น ๆ ให้ตั้งเป็นชุดที่ปรึกษาแทน,8vddQeCXJp9iuCwsqe7l,2025-07-02T10:20:23.720Z,C215,
KCzbUKAUrTu6KoETWFWz,เห็นด้วย,2025-09-15T04:16:24.669Z,2025-09-15T04:16:24.669Z,ต้องสร้างความเป็นธรรมให้กับอาชีพทุกอาชีพ,7Wc7kBwm6cM0c2MxyCTL,2025-09-15T04:16:24.669Z,,
KVMwQvX62cPeMwOzEien,ไม่เห็นด้วย,2025-07-02T10:20:23.720Z,2025-07-02T10:20:23.720Z,ถ้ามีตัวแทนการพรรคการเมืองเยอะเกินไปจะทำให้อำนาจไม่เท่ากัน,4CGZkWkBlX9VNSkBJEGI,2025-07-02T10:20:23.720Z,C239,
KWQTMiEzsjWMpuBlLJ1x,เห็นด้วย,2025-07-02T10:20:23.720Z,2025-07-02T10:20:23.720Z,และต้องเป็นการเลือกตั้งทางตรง ไม่ใช่ทางอ้อม,nrEaDmep95iroWpISISA,2025-07-02T10:20:23.720Z,C19,
KjVLhscjMQSwlfVrd0P5,เห็นด้วยบางส่วน,2025-07-02T10:20:23.720Z,2025-07-02T10:20:23.720Z,ควรมีระบบ screening ในประเด็น โดยไม่กีดกันความแตกต่างทางการเมือง และเปิดโอกาสให้กลุ่มอาชีพอื่น ไม่จำกัดแค่กลุ่มข้าราชการบำนาญ,2rIAoKtf0uRsbMDTZ6kE,2025-07-02T10:20:23.720Z,C33,
KmhlvqHiJVOw5CjIduh0,เห็นด้วยบางส่วน,2025-07-02T10:20:23.720Z,2025-07-02T10:20:23.720Z,ต้องมีการสร้างหลักประกันว่าจะมีการตรวจสอบคุณสมบัติของสสร. จริง ๆ,w1UaINJpdc3KsocCvWSD,2025-07-02T10:20:23.720Z,C199,
LEbchOUMMPbiFoHEd4XI,เห็นด้วยบางส่วน,2025-07-02T10:20:23.720Z,2025-07-02T10:20:23.720Z,สสร.ต้องมีที่มาหลากหลาย และมาจากการเลือกตั้ง,2rIAoKtf0uRsbMDTZ6kE,2025-07-02T10:20:23.720Z,C39,
LTYV4a45XflW03hDdzGE,เห็นด้วย,2025-07-02T10:20:23.720Z,2025-07-02T10:20:23.720Z,คล้ายกับปี 40 ที่มีตัวแทนแต่ละจังหวัด,Qq1TpRiXFWMxooMqijVt,2025-07-02T10:20:23.720Z,C317,
LhAqj9dgnIygv58wlLag,ไม่เห็นด้วย,2025-07-02T10:20:23.720Z,2025-07-02T10:20:23.720Z,สสร. จากกลุ่มอาชีพไม่ค่อยสะท้อนเสียงคนส่วนใหญ่ สะท้อนเฉพาะรายมาตราในเนื้อหาของรัฐธรรมนูญที่เกี่ยวข้องกับตัวเอง,ENbNmkn2KZh24qMQ3APu,2025-07-02T10:20:23.720Z,C6,
LslV6kyihkPgJqbQ6gRf,เห็นด้วย,2025-09-09T10:24:28.875Z,2025-09-09T10:24:28.875Z,ต้องการสิทธิเริ่มต้นชีวิตใหม่หลังออกจากเรือนจำ พร้อมกับมีทุนในการสนับสนุนอาชีพ,BT8x8rmFStJjIMvPB10J,2025-09-09T10:24:28.875Z,,
LzcPgz8M3qVzN79qn7xM,เห็นด้วยบางส่วน,2025-07-02T10:20:23.720Z,2025-07-02T10:20:23.720Z,ถ้ารีบ ก็อาจจะดูเป็นรัฐธรรมนูญแบบ Top-down แบบหลายๆ ฉบับที่ผ่านมา แต่ก็ต้องไม่นานจนเกินไป ควรไปในทิศทางที่ทำให้แก้ไขได้ง่ายมากกว่า,gVOKNIr5SqGSYt4UQGwz,2025-07-02T10:20:23.720Z,C295,
MBF5RAQwmk3mcVQUmmlp,เห็นด้วยบางส่วน,2025-07-02T10:20:23.720Z,2025-07-02T10:20:23.720Z,ไม่จำกัดคุณสมบัติผู้สมัครด้วยกลุ่มอาชีพ,cwMYFZkBcDAT64xVGPYi,2025-07-02T10:20:23.720Z,C93,
MIEr8cwcKwhUDoAHp3i3,เห็นด้วย,2025-07-02T10:20:23.720Z,2025-07-02T10:20:23.720Z,เพิ่มความรู้สึกเป็นเจ้าของรัฐธรรมนูญ,F7usd2BUTX3k0p2kDtwI,2025-07-02T10:20:23.720Z,C2,
MS8k4Rt7qHnJc3MhX5xy,เห็นด้วย,2025-07-02T10:20:23.720Z,2025-07-02T10:20:23.720Z,ต้องปรับการสื่อสารให้เหมาะกับช่วงวัย ไม่ว่าจะเป็นช่องทางและความเข้มข้นของเนื้อหา,peEZ4F0cByDfdVv4Mh5R,2025-07-02T10:20:23.720Z,C304,
Mb2HIQw7XxHfHP6RVjPM,ไม่เห็นด้วย,2026-02-27T10:47:54.473Z,2026-02-27T10:47:54.473Z,"รัฐธรรมนูญควรมีความเป็นสถาบันและคงทนถาวร มีความมั่นคง
ไม่เปลี่ยนแปลงง่ายตามกระแสอำนาจ และได้รับการยอมรับอย่างสูง",IjZMXmGBxDDaJKh5DyOZ,2026-02-27T10:47:54.473Z,,
MnGnPz1Q7ATdW5NqVB51,เห็นด้วยบางส่วน,2025-07-02T10:20:23.720Z,2025-07-02T10:20:23.720Z,อาจจะใช้เรื่องโควต้า แต่ต้องใช้เสียงข้างมากของสภา และใช้เสียงการันตีของฝ่ายค้าน,5rWaEjqgvDdjO8xjUyME,2025-07-02T10:20:23.720Z,C108,
MvY9L0lOEmwKJu77rYTh,ไม่เห็นด้วย,2025-07-02T10:20:23.720Z,2025-07-02T10:20:23.720Z,การแบ่งเป็นภาค ยากต่อการกำหนดพื้นที่รับผิดชอบ,U3yJP2gjVAZV5h2JzNxY,2025-07-02T10:20:23.720Z,C53,zxhpNMPKlP69hrkoRI3q
N3ZAo41MII3v4SEyfsF4,ไม่เห็นด้วย,2025-07-02T10:20:23.720Z,2025-07-02T10:20:23.720Z,เพิ่มสัดส่วนของประชาชนให้มากขึ้น,hHM0HVjqwKVeG9AWTAZF,2025-07-02T10:20:23.720Z,C280,
N4TIAwyAa8T38xmUl6K3,เห็นด้วย,2025-09-09T10:43:18.519Z,2025-09-09T10:43:18.519Z,สิทธิในการลบประวัติ จะช่วยให้สามารถไปต่อยอดทำอาชีพอื่นได้,BT8x8rmFStJjIMvPB10J,2025-09-09T10:43:18.519Z,,q1FfU02VjBxgKUOBpaHC
NNUbUvzSwLOtgjeWiT1d,เห็นด้วย,2025-07-02T10:20:23.720Z,2025-07-02T10:20:23.720Z,ต้องให้ความสำคัญกับความหลากหลายและครอบคลุม,lY0oZzdYo9y3zFhhYnmy,2025-07-02T10:20:23.720Z,C74,
NTg6Wy6jhTqZk6n39h3A,เห็นด้วย,2025-09-15T04:04:22.274Z,2025-09-15T04:04:22.274Z,ร่วมถึงด้านการมีส่วนร่วมของประชาชนกับพรรคการเมือง สถาบันการเมือง องค์กรอิสระ,yaBWRUKJeB6kxCpL8yQM,2025-09-15T04:04:22.274Z,,
NThZjFljPRyR8uB9YgXX,เห็นด้วยบางส่วน,2025-07-02T10:20:23.720Z,2025-07-02T10:20:23.720Z,ไม่จำเป็นต้องกีดกันตัวแทนจากพรรคการเมืองเพราะว่าก็เป็นตัวแทนเสียงของประชาชน,4CGZkWkBlX9VNSkBJEGI,2025-07-02T10:20:23.720Z,C244,
NjJ8wYzsnBui840OmYMx,เห็นด้วย,2026-02-27T11:25:17.597Z,2026-02-27T11:25:17.597Z,รัฐธรรมนูญจะต้องเปิดโอกาสให้ประชาชนทั่วไปสามารถแสดงความคิดเห็นต่อเรื่องต่าง ๆ ได้ และเสียงของประชาชนไปถึงผู้มีอำนาจจจริง ๆ,ee9QQZxV5iESX66emeXE,2026-02-27T11:25:17.597Z,,
O8m4zWzvQymh6gx5pThh,เห็นด้วย,2025-06-11T06:56:18.291Z,2025-06-11T06:56:18.291Z,ควรมีการจัดสรรเงินคนชรา ที่เพียงพอต่อการดำรงชีวิตและการส่งเสริมอาชีพคนวัยเกษียณ,dkrarlbB4ZvLnUMtJqJM,2025-06-11T06:56:18.291Z,,
OFeny66pOeytUPhX20SU,เห็นด้วย,2025-07-02T10:20:23.720Z,2025-07-02T10:20:23.720Z,ทำให้ประชาชนเห็นว่าการเปลี่ยนรัฐธรรมนูญจะทำให้ประชาชนได้ประโยชน์อะไร,peEZ4F0cByDfdVv4Mh5R,2025-07-02T10:20:23.720Z,C307,JepMcNblrAVmITXa0ed8
OnrQqs4Ue6R9rjY9fuDR,เห็นด้วย,2025-07-02T10:20:23.720Z,2025-07-02T10:20:23.720Z,อาจจะเปิดเวลาตามประเด็นๆ ไป เพื่อให้เวลาได้ทำความเข้าใจ ค่อยๆ หารือ กลับไปคิด แล้วมาคุยกันเรื่อยๆ อาจจำให้สื่อเป็นผู้นำร่องสิ่งนี้,gVOKNIr5SqGSYt4UQGwz,2025-07-02T10:20:23.720Z,C299,
Op0vb5WdQ9U11lyAj3iq,เห็นด้วย,2025-07-02T10:20:23.720Z,2025-07-02T10:20:23.720Z,ออกแบบโครงสร้างละเอียด เห็นถึงคนทุกกลุ่มของคนในสังคม,nrEaDmep95iroWpISISA,2025-07-02T10:20:23.720Z,C20,
P9Y9qW5kWOJyxwn8pT4D,เห็นด้วยบางส่วน,2025-07-02T10:20:23.720Z,2025-07-02T10:20:23.720Z,ควรมีการเสนอชื่อหรือคัดเลือกกันเองในกลุ่มอาชีพนั้น ๆ เพื่อตรวจสอบว่าเป็นผู้เชี่ยวชาญจริงไหม,ntBJAaqOZ6CVfzvCIdlt,2025-07-02T10:20:23.720Z,C183,
PabNzylki3Bawjhq7M1s,เห็นด้วย,2025-07-02T10:20:23.720Z,2025-07-02T10:20:23.720Z,การพูดคุยการร่างรัฐธรรมนูญต้องพูดได้ทุกเรื่อง ไม่ถูก censor,UiN8egrbml9767vx9jT5,2025-07-02T10:20:23.720Z,C332,
Pcee6ZfJjbBVcp2SHEbz,ไม่เห็นด้วย,2025-07-02T10:20:23.720Z,2025-07-02T10:20:23.720Z,นอกจากความเป็นสมาชิกพรรคการเมือง ผู้สมัครก็ยังถูกควบคุมได้อยู่ดี,30iUR5Bs1u2g842KdF3y,2025-07-02T10:20:23.720Z,C143,weOxKzgOdsLZJOluVk6b
PlAPthSwtJQYG0enNX54,ไม่เห็นด้วย,2025-07-02T10:20:23.720Z,2025-07-02T10:20:23.720Z,ไม่ควรให้อำนาจตรงนี้กับองค์กรที่มีอายุขัย และต้องมีการยุบในอนาคตอย่าง สสร.,qylb4vJtU5AGTjqa3Otw,2025-07-02T10:20:23.720Z,C22,
Q00pb9ZZV2awbV1RcY7D,เห็นด้วย,2025-07-02T10:20:23.720Z,2025-07-02T10:20:23.720Z,สสร. ต้องไม่รับเงินสองทาง หรือมีงานประจำอยู่แล้ว,59G9i7h4GZtz0ScSAn0C,2025-07-02T10:20:23.720Z,C175,
Q2bdXhEYDc7KYK3MELj3,เห็นด้วย,2025-11-27T08:44:40.875Z,2025-11-27T08:44:40.875Z,เพราะถ้าพ้นโทษแล้วกลับไปบ้านเกิดต่างจังหวัด ทางเลือกอาชีพก็น้อยกว่า และบ้างต้องมีทรัพยากรเพื่อประกอบอาชีพ เช่น ทำอาหาร งานซ่อมแซม,BT8x8rmFStJjIMvPB10J,2025-11-27T08:44:40.875Z,,p2RlM13RndVsKQjizGo4
QCmIRGxfwBoDihZ3G5r5,ไม่เห็นด้วย,2025-07-02T10:20:23.720Z,2025-07-02T10:20:23.720Z,สสร. ควรมี 100 คน โดยเป็น 77 คน เป็นตัวแทนแต่ละจังหวัด และ 23 คนเป็นตัวแทนรายประเด็น โดยต้องกำหนดกลุ่มให้ชัด,2rIAoKtf0uRsbMDTZ6kE,2025-07-02T10:20:23.720Z,C37,
QHYlQksi0G50fp9n3N1x,ไม่เห็นด้วย,2025-07-02T10:20:23.720Z,2025-07-02T10:20:23.720Z,วุฒิการศึกษาไม่ควรเป็นเกฑณ์เพราะประเทศไทยมีความเหลื่อมล้ำในการเข้าถึงการศึกษา,8vddQeCXJp9iuCwsqe7l,2025-07-02T10:20:23.720Z,C220,
QVXDXCJUPWOXDMmtRMDn,เห็นด้วย,2025-07-02T10:20:23.720Z,2025-07-02T10:20:23.720Z,คนที่จะรับภารกิจนี้ = รัฐสภา ร่วมกันหาคนอื่นมาสร้าง ad-hoc body นี้,UiPSbzGwIdu94dj1WKN4,2025-07-02T10:20:23.720Z,C336,
QjRT0i05QqCp3CKGjFfD,เห็นด้วย,2025-07-02T10:20:23.720Z,2025-07-02T10:20:23.720Z,อย่างน้อยควรให้เวลา 4-5 เดือนเพื่อให้คนเราได้ทำความเข้าใจ และเริ่มสบายใจ จนอยากเข้ามามีส่วนร่วม,gVOKNIr5SqGSYt4UQGwz,2025-07-02T10:20:23.720Z,C298,
Qr3MuOMSchT2CQB99YGD,เห็นด้วย,2025-07-02T10:20:23.720Z,2025-07-02T10:20:23.720Z,ทำให้รัฐธรรมนูญมีกลไกการป้องกันฉบับชาวบ้าน,F7usd2BUTX3k0p2kDtwI,2025-07-02T10:20:23.720Z,C1,
QyXqSEiG0BQ9chvBakdd,เห็นด้วย,2025-07-02T10:20:23.720Z,2025-07-02T10:20:23.720Z,ยิ่งประชาชนมีปม ได้เรียนรู้อะไรมากขึ้น ก็ต้องมีความเห็นทางการเมือง,VWv2kzIsYMLNk5oxEMFe,2025-07-02T10:20:23.720Z,C169,zO83T3z4pdGQq1WZFwum
R2p5gYsB9E61w85SEfU7,เห็นด้วยบางส่วน,2025-07-02T10:20:23.720Z,2025-07-02T10:20:23.720Z,ควรเป็นสมาชิกพรรคการเมือง แต่ไม่ให้ลงสมัครในนามพรรคการเมือง,30iUR5Bs1u2g842KdF3y,2025-07-02T10:20:23.720Z,C137,
R8l9y8aOHqhaPJBqru70,เห็นด้วยบางส่วน,2025-07-02T10:20:23.720Z,2025-07-02T10:20:23.720Z,ควรกำหนด blueprint การทำงานของผู้เชี่ยวชาญ: สสร เป็นคนกำหนดวิธีการทำงานลงมาให้ผู้เชี่ยวชาญ ไม่ใช่ผู้เชี่ยวชาญกำหนดเอง,ntBJAaqOZ6CVfzvCIdlt,2025-07-02T10:20:23.720Z,C182,Dxx97EmKFLXfJRoEzH06
RDAVFwgL6Cg3h5mLQTc5,เห็นด้วยบางส่วน,2025-07-02T10:20:23.720Z,2025-07-02T10:20:23.720Z,ควรเป็นคดีที่มีโทษหนัก,w1UaINJpdc3KsocCvWSD,2025-07-02T10:20:23.720Z,C195,pvgzXQmEqXcLkAu72Asi
RcfIXuAn7S8HfpVkm9cA,เห็นด้วยบางส่วน,2025-07-02T10:20:23.720Z,2025-07-02T10:20:23.720Z,ห้ามเฉพาะผู้ที่มีส่วนได้ส่วนเสียกับพรรคการเมือง,30iUR5Bs1u2g842KdF3y,2025-07-02T10:20:23.720Z,C160,weOxKzgOdsLZJOluVk6b
Rf5OPFcC50EpoV75N2ut,เห็นด้วยบางส่วน,2025-07-02T10:20:23.720Z,2025-07-02T10:20:23.720Z,ควรกีดกันคนที่ทำให้รัฐธรรมนูญเสื่อมโทรม เช่น เคยมีอำนาจที่ทำการรัฐประหาร,VWv2kzIsYMLNk5oxEMFe,2025-07-02T10:20:23.720Z,C110,iEQebMJL5nW2f4IVdjos
RnA7UqY8e6f4ji1UmT5i,เห็นด้วยบางส่วน,2025-07-02T10:20:23.720Z,2025-07-02T10:20:23.720Z,อย่าลืมว่าประเทศไทยกำลังเข้าสู่สังคมผู้สุงอายุ,pegZwJVtwSuC87fEl0UZ,2025-07-02T10:20:23.720Z,C256,AVpCYLaFrwVgjPwVTBkT
RqDOpEgJyIjdVjdT5q0Z,เห็นด้วย,2025-07-02T10:20:23.720Z,2025-07-02T10:20:23.720Z,การตั้งวงคุย อาจทำให้รู้สึกเครียดเกินไป อยากได้อะไรเบาๆ แบบหมีเนย หรือหมูเด้งบ้าง จะนำมาเล่าเรื่องรัฐธรรมนูญอย่างไร,qq5SykirmTIWsbbBDARc,2025-07-02T10:20:23.720Z,C290,1wVZ9dJdghCbiibyjjhT
RupYxAPrWvDpzIZCg6Mq,เห็นด้วยบางส่วน,2025-07-02T10:20:23.720Z,2025-07-02T10:20:23.720Z,สสร.ไม่ควรยึดโยงกับพรรคการเมืองหรือกลุ่มการเมืองอื่นๆ เช่น สว.,30iUR5Bs1u2g842KdF3y,2025-07-02T10:20:23.720Z,C156,weOxKzgOdsLZJOluVk6b
S7XYh1EvyK0T5VyDZh30,เห็นด้วย,2025-07-02T10:20:23.720Z,2025-07-02T10:20:23.720Z,ไม่งั้นเหมือนเราไปคิด content เอง,JrrSMrVIPnXKGeNiUZIJ,2025-07-02T10:20:23.720Z,C284,
SDU8DpOs19aPKnqNe4Wd,เห็นด้วยบางส่วน,2025-07-02T10:20:23.720Z,2025-07-02T10:20:23.720Z,ควรออกแบบกลไกไม่ให้เห็นการเสนอจากพรรคการเมืองแบบโจ่งแจ้ง เพราะจะเป็นการสร้างความขัดแย้งทางความเห็น/สนามการเมือง,30iUR5Bs1u2g842KdF3y,2025-07-02T10:20:23.720Z,C139,weOxKzgOdsLZJOluVk6b
SE7yeHN4v2NmRIFtmmwC,เห็นด้วยบางส่วน,2025-07-02T10:20:23.720Z,2025-07-02T10:20:23.720Z,เป็นคณะกรรมการอิสระที่ถูกจัดตั้งมาเพื่อตรวจสอบถ่วงดุล (ไม่ใช่องค์กรอิสระตามรัฐธรรมนูญ),mb426CKotDswSd9rgWPp,2025-07-02T10:20:23.720Z,C87,
SKejCuJpsQZcVKoppCey,เห็นด้วย,2025-07-02T10:20:23.720Z,2025-07-02T10:20:23.720Z,รัฐชอบดึงเวลาในกระบวนการจัดทำร่างรธน.,cOJcvxwPzm0iZ4cHngFC,2025-07-02T10:20:23.720Z,C262,
SMTJdgFpItKJda30zqTW,เห็นด้วยบางส่วน,2025-07-02T10:20:23.720Z,2025-07-02T10:20:23.720Z,เห็นด้วยว่าควรกำหนดหมวดพื้นฐาน แต่อยากให้กำหนดแบบกว้าง เผื่อรองรับความหลากหลาย/ความเปลี่ยนแปลงในอนาคต,hFlaIDjyVSQM95hpLX5l,2025-07-02T10:20:23.720Z,C81,
ScB9aRI1CQp2i9KySBWV,เห็นด้วยบางส่วน,2025-07-02T10:20:23.720Z,2025-07-02T10:20:23.720Z,ถ้าไม่ใช้เรื่องวุฒิการศึกษา อาจจะใช้เรื่องความเชี่ยวชาญเฉพาะด้าน เช่น ด้านกฎหมาย รัฐศาสตร์,w1UaINJpdc3KsocCvWSD,2025-07-02T10:20:23.720Z,C201,TNUxwghVznFGC9JfMygK
SqM8JVfiHrAF5ql45vgB,ไม่เห็นด้วย,2025-07-02T10:20:23.720Z,2025-07-02T10:20:23.720Z,แต่ถ้ามีคนที่เคยเข้าร่วมการชุมนุมต่าง ๆ จะวัดยังไงเพราะว่ามันวัดอยาก,w1UaINJpdc3KsocCvWSD,2025-07-02T10:20:23.720Z,C200,
Sqw7mfOSgTzpewo0VCf4,เห็นด้วย,2025-09-09T10:43:53.995Z,2025-09-09T10:43:53.995Z,ปัจจุบันมีศูนย์ฝึกงานสำหรับคนเพิ่งพ้นโทษ และอยากให้มีทุนด้วย ปัจจุบันมีกฎเกณฑ์ทำให้ได้ทุนยาก,BT8x8rmFStJjIMvPB10J,2025-09-09T10:43:53.995Z,,p2RlM13RndVsKQjizGo4
SsLAmnJaacl6C9CL2hvF,ไม่เห็นด้วย,2025-07-02T10:20:23.720Z,2025-07-02T10:20:23.720Z,อยากให้ออกจากงานหลังจากได้ตำแหน่งทางการเมืองแล้ว,oRaHQAaxlJ5gKS85cssh,2025-07-02T10:20:23.720Z,C10,
StAYxPnCcXElBOycaPa9,เห็นด้วย,2025-07-02T10:20:23.720Z,2025-07-02T10:20:23.720Z,สสร. ต้องมีความหลากหลายอุดมการณ์ทางการเมือง,4CGZkWkBlX9VNSkBJEGI,2025-07-02T10:20:23.720Z,C237,
SuMedAJCbTam0cJAcbGh,ไม่เห็นด้วย,2025-07-02T10:20:23.720Z,2025-07-02T10:20:23.720Z,สสร. ต้องหลากหลาย อาจสามารถกำหนดสัดส่วนจำนวน สสร.จากขนาดพื้นที่-ประชากร เพื่อช่วยกันขับเคลื่อน,2rIAoKtf0uRsbMDTZ6kE,2025-07-02T10:20:23.720Z,C38,
Sv6ym1ufh5xZ1UYirLkN,เห็นด้วยบางส่วน,2025-07-02T10:20:23.720Z,2025-07-02T10:20:23.720Z,ไม่จำเป็นต้องกำหนดเป็นเงื่อนไขหลัก แต่ให้มีการอบรมคณะ สสร. ในประเด็นเรื่องการรับฟังและสื่อสาร,Pl9XOn5DOwkr51BNH2hh,2025-07-02T10:20:23.720Z,C12,v0DKxzdJjtjNM6DW9VYG
T0WM5oQdCMTqlhPUJxD6,เห็นด้วยบางส่วน,2025-07-02T10:20:23.720Z,2025-07-02T10:20:23.720Z,สสร.มีอำนาจน้อยกว่า สว. จะมีแรงจูงใจให้คนอยากมาเป็น สสร.หรือไม่?,EjCnAXDaaJuBQLhHI42W,2025-07-02T10:20:23.720Z,C106,
TKV3Z9Aeiv7y2r3pbmzg,เห็นด้วย,2025-07-02T10:20:23.720Z,2025-07-02T10:20:23.720Z,ไม่เห็นด้วยเรื่องการให้เป็นตัวแทนจังหวัด,i7nD4nBuvDJmmwAAfNuk,2025-07-02T10:20:23.720Z,C65,
TNUxwghVznFGC9JfMygK,เห็นด้วย,2025-07-02T10:20:23.720Z,2025-07-02T10:20:23.720Z,สสร. ต้องมีประกาศคุณสมบัติของตัวเอง เช่น เรื่องความเชี่ยวชาญ,w1UaINJpdc3KsocCvWSD,2025-07-02T10:20:23.720Z,C209,
TQn1JYhGOKm1k7BvTI0E,ไม่เห็นด้วย,2025-07-02T10:20:23.720Z,2025-07-02T10:20:23.720Z,ภาครัฐต้องเข้ามามีส่วนร่วมเพื่อส่งเสริมการมีส่วนร่วมของภาคประชาสังคมและประชาชนอีกที,YIHBlCG4V2ebaFyOH4bZ,2025-07-02T10:20:23.720Z,C249,
TU971N2nFiKCe9UEisxc,เห็นด้วย,2025-09-05T10:25:59.487Z,2025-09-05T10:25:59.487Z,สามารถสิทธิบัตรประชาชน เพื่อเข้ารักษาพยาบาลได้ในทุกพื้นที่,ri7VMl85rYWRQ5NzpcgE,2025-09-05T10:25:59.487Z,,
TVOxnZQTpM68ARbXaKPZ,เห็นด้วยบางส่วน,2025-07-02T10:20:23.720Z,2025-07-02T10:20:23.720Z,เห็นด้วยว่าเป็นตัวแทนพรรคได้ แต่ก็ต้องกำหนดสัดส่วนให้ชัดเจน ไม่ได้ take over สสร. ทั้งหมด,30iUR5Bs1u2g842KdF3y,2025-07-02T10:20:23.720Z,C162,
TxUjqxhs0xmmRyIfrrCX,เห็นด้วย,2025-07-02T10:20:23.720Z,2025-07-02T10:20:23.720Z,ควรทุ่มงบประมาณการจัดทำ สสร. ให้ดี ทั้งสื่อสารและทำกิจกรรม ไม่ต้องประหยัด ถ้าทำอันนี้ได้ดีจะได้ไม่ต้องร่างรัฐธรรมนูญอีก,peEZ4F0cByDfdVv4Mh5R,2025-07-02T10:20:23.720Z,C300,
U5OAXz6kM6z7QgmPqXPZ,เห็นด้วย,2025-07-02T10:20:23.720Z,2025-07-02T10:20:23.720Z,จะเป็นตัวแทนประชาชนแล้ว ไม่จำเป็นต้องเป็นสมาชิกพรรคการเมือง,30iUR5Bs1u2g842KdF3y,2025-07-02T10:20:23.720Z,C142,weOxKzgOdsLZJOluVk6b
UBaFWSGzLDuv7iPkykVg,ไม่เห็นด้วย,2025-07-02T10:20:23.720Z,2025-07-02T10:20:23.720Z,ไม่ควร เพราะจะไม่ต่างกับการให้ สส.ร่างรัฐธรรมนูญ,30iUR5Bs1u2g842KdF3y,2025-07-02T10:20:23.720Z,C151,
USqtDvMg9FWMZGSJJZ0t,เห็นด้วย,2025-09-09T10:42:14.239Z,2025-09-09T10:42:14.239Z,ผู้ต้องขังควรมีสิทธิในการเรียน สิทธิในการฝึกอาชีพในเรือนจำมากขึ้น,BT8x8rmFStJjIMvPB10J,2025-09-09T10:42:14.239Z,,p2RlM13RndVsKQjizGo4
UbpXVfjoVEHVSTZzjAN8,ไม่เห็นด้วย,2025-07-02T10:20:23.720Z,2025-07-02T10:20:23.720Z,ผู้สมัคร สสร. สามารถมีสถานะเป็นสมาชิกพรรคการเมืองได้ เว้นแต่กรณีที่มีตำแหน่งในพรรค,30iUR5Bs1u2g842KdF3y,2025-07-02T10:20:23.720Z,C148,weOxKzgOdsLZJOluVk6b
UcxHvSdUTdYgsAZWOnW2,เห็นด้วยบางส่วน,2025-07-02T10:20:23.720Z,2025-07-02T10:20:23.720Z,สสร จากพรรคการเมือง ไม่ผิด แต่ควร declare อย่างชัดเจนว่าผู้สมัครมีจุดยืนทางการเมือง/จุดยืนเรื่องการแก้ รธน อย่างไร,30iUR5Bs1u2g842KdF3y,2025-07-02T10:20:23.720Z,C155,
UrITx89xq7xJ1ZZ2f3jT,ไม่เห็นด้วย,2025-07-02T10:20:23.720Z,2025-07-02T10:20:23.720Z,สสร. ไม่ควรมาจากสัดส่วนอาชีพ เพราะคำนวณยาก ตั้งเงื่อนไขยาก,ENbNmkn2KZh24qMQ3APu,2025-07-02T10:20:23.720Z,C7,
UvYy62b8PctEVnkaRQjh,เห็นด้วย,2025-07-02T10:20:23.720Z,2025-07-02T10:20:23.720Z,ความเป็นอิสระไม่มีจริง สมาชิกพรรคการเมือง (ที่ไม่ใช่ผู้บริหาร) สามารถสมัคร สสร.ได้,30iUR5Bs1u2g842KdF3y,2025-07-02T10:20:23.720Z,C138,
VMwChTyDHh12nVRrrlUx,เห็นด้วย,2025-07-02T10:20:23.720Z,2025-07-02T10:20:23.720Z,เจตนารมณ์ของรัฐธรรมนูญต้องเข้าถึงประชาชนทุกกลุ่มคน,nrEaDmep95iroWpISISA,2025-07-02T10:20:23.720Z,C16,
VsgZQR2XlyhRsLwx8F63,เห็นด้วยบางส่วน,2025-07-02T10:20:23.720Z,2025-07-02T10:20:23.720Z,ไม่ตัดสิทธิการมีส่วนร่วมทางการเมืองขั้นพื้นฐาน (สมาชิกพรรค) แต่มีเงื่อนไขว่าต้องไม่เป็นกรรมการบริหาร หรือผู้ลงสมัคร,30iUR5Bs1u2g842KdF3y,2025-07-02T10:20:23.720Z,C153,
VxhmexUrBqPfmwTJqrEQ,เห็นด้วยบางส่วน,2025-07-02T10:20:23.720Z,2025-07-02T10:20:23.720Z,พรรคการเมืองมีส่วนร่วมได้ แต่ไม่เห็นด้วยว่า สสร จะมาจากพรรคการเมือง 100% เพื่อไม่ให้กีดกันใคร,30iUR5Bs1u2g842KdF3y,2025-07-02T10:20:23.720Z,C149,
WWcO6Z0WE6hphY7O3X4V,เห็นด้วย,2025-07-02T10:20:23.720Z,2025-07-02T10:20:23.720Z,เพิ่มการรับรู้ข้อมูลข่าวสารที่มากขึ้นของประชาชนในทุกกลุ่มคน,C88gOdn5c8qXMV5MJ2h0,2025-07-02T10:20:23.720Z,C50,
WigFeINPQAdjkdmIJUgM,เห็นด้วย,2025-09-09T10:27:12.027Z,2025-09-09T10:27:12.027Z,ต้องการสิทธิที่จะลบประวัติ เพราะการมีประวัติต้องโทษทำให้หางานยาก หรือ (หากลบประวัติไม่ได้) แค่สังคมยอมรับก็โอเคแล้ว,BT8x8rmFStJjIMvPB10J,2025-09-09T10:27:12.027Z,,q1FfU02VjBxgKUOBpaHC
WmjwKFwAQsCTsZgkPFRS,เห็นด้วย,2025-07-02T10:20:23.720Z,2025-07-02T10:20:23.720Z,ทำให้กระบวนการเลือกคนที่เป็น สสร. โปร่งใส เช่น มีการเปิดเผยการ record,C88gOdn5c8qXMV5MJ2h0,2025-07-02T10:20:23.720Z,C49,
X6Cz8EUgn2XxGQf4VoG6,เห็นด้วย,2025-07-02T10:20:23.720Z,2025-07-02T10:20:23.720Z,ทำในรูปแบบที่สามารถเอาวิเคราะห์ไปต่อได้,C88gOdn5c8qXMV5MJ2h0,2025-07-02T10:20:23.720Z,C48,k9gAMnvzAt23SUX6W8MC
X8b2swMUl8vtVmRTQ6Gb,เห็นด้วย,2025-07-02T10:20:23.720Z,2025-07-02T10:20:23.720Z,เพราะเดี๋ยวนี้มีคนที่ใช้สื่ออยู่แล้ว,UAUwl0DaojqWo5PD1hl8,2025-07-02T10:20:23.720Z,C178,
XMUkZzMJtmK9idyNh0Ty,เห็นด้วย,2025-09-05T10:49:19.722Z,2025-09-05T10:49:19.722Z,ประเทศไทยควรมีกฎหมายรองรับการหักภาษีเพื่อเป็นเงินบำนาญเมื่อเกษียณ ช่วยให้มีรายได้หลังวัยทำงานอย่างพอเพียง โดยหักจากรายได้ราว 30–40%,dkrarlbB4ZvLnUMtJqJM,2025-09-05T10:49:19.722Z,,
XSziO7hEAg0qaUpN9uVs,ไม่เห็นด้วย,2025-07-02T10:20:23.720Z,2025-07-02T10:20:23.720Z,ไม่ควรฝากความหวังใว้กับนักการเมือง (อิงจากการเลือกตั้งครั้งล่าสุด),bpWnfM1sudt4FMI0wS9t,2025-07-02T10:20:23.720Z,C286,
Y9M4SuJuxgN1QKwwHCpo,เห็นด้วย,2025-07-02T10:20:23.720Z,2025-07-02T10:20:23.720Z,ทำให้ไม่มีอำนาจ แต่ให้มีแต่หน้าที่ แค่เห็นแล้วก็ปวดหัว ต้องเป็นคนที่มีจิตอาสาจริงๆ,wXQy4GNSAVByO1QwIw31,2025-07-02T10:20:23.720Z,C266,
YAMtsoHBhgED0XHzRW3y,ไม่เห็นด้วย,2025-07-02T10:20:23.720Z,2025-07-02T10:20:23.720Z,เป็นจังหวัดดีกว่า เพราะได้เห็นหน้าชัดว่าใครเป็นคนรับผิดชอบ และเห็นปัญหาในพื้นที่ได้ชัดเจนกว่า,U3yJP2gjVAZV5h2JzNxY,2025-07-02T10:20:23.720Z,C56,zxhpNMPKlP69hrkoRI3q
Yr6AuSwFh5kFxa0SrzYe,เห็นด้วย,2026-02-27T10:55:58.987Z,2026-02-27T10:55:58.987Z,เพื่อที่จะบรรลุถึงเป้าหมายดังกล่าวจำเป็นต้องมีการจัดวางอุดมการณ์ในทางการเมืองขั้นพื้นฐานที่จะเป็นกรอบกำกับคุณลักษณะความเป็นพลเมืองเสียก่อน,aOI4WyDnNVXUtAzVqZsS,2026-02-27T10:55:58.987Z,,
Z2Eq8i2xYT6I1Y5Gr6nd,ไม่เห็นด้วย,2025-07-02T10:20:23.720Z,2025-07-02T10:20:23.720Z,สสร. ควรเป็นคนร่างรธน.,Qq1TpRiXFWMxooMqijVt,2025-07-02T10:20:23.720Z,C326,
ZIAtMjNDnwdzGW11eFcW,เห็นด้วย,2025-07-02T10:20:23.720Z,2025-07-02T10:20:23.720Z,ถือเป็นการยกระดับปัญญาของสังคมผ่านการยกร่าง รธน.,gVOKNIr5SqGSYt4UQGwz,2025-07-02T10:20:23.720Z,C291,
ZUhx7YBDXYbcZlF3bLuc,เห็นด้วย,2025-07-02T10:20:23.720Z,2025-07-02T10:20:23.720Z,ออกเป็นกฎหมายรับรองเลยว่า ความเห็นของประชาชน สามารถพูดได้เต็มที่,UiPSbzGwIdu94dj1WKN4,2025-07-02T10:20:23.720Z,C340,
ZXU1UGy83AIXLb9xjOwX,เห็นด้วย,2025-07-02T10:20:23.720Z,2025-07-02T10:20:23.720Z,ทำยังไงก็ไม่มีทางครอบคลุมทุกกลุ่มอาชีพได้,hFlaIDjyVSQM95hpLX5l,2025-07-02T10:20:23.720Z,C80,uvHrmUCDcrAzSHCWQySG
Ze0JXvRgBceufFI3eYuf,เห็นด้วย,2025-07-02T10:20:23.720Z,2025-07-02T10:20:23.720Z,กลุ่มที่สมัครเป็น ผู้แทน อาจมีพิมพ์เขียวนโยบาย เพื่อความชัดเจน,AaA3IdPpPRmGriTmLm26,2025-07-02T10:20:23.720Z,C41,
a8KDaLGgZksqXy6Um2iS,ไม่เห็นด้วย,2025-07-02T10:20:23.720Z,2025-07-02T10:20:23.720Z,ถ้ารัฐธรรมนูญจะถูกแก้ ให้ประชาชนเลือกตั้งสสร.ใหม่,Zm98HOrjLwwudUq56iax,2025-07-02T10:20:23.720Z,C274,
aDcPff9a4UstiqWy4eAn,ไม่เห็นด้วย,2025-07-02T10:20:23.720Z,2025-07-02T10:20:23.720Z,อยากให้เห็นว่าสำคัญและเห็นผลเร็วๆ ถ้ายืดเยื้อก็อาจจะทำให้หมดโมเมนตัมไป,gVOKNIr5SqGSYt4UQGwz,2025-07-02T10:20:23.720Z,C297,
aH8s5fmuLdJZxs9EOEkR,เห็นด้วย,2025-07-02T10:20:23.720Z,2025-07-02T10:20:23.720Z,Party List ต้องมีคนมากพอที่จะกระจายไปตามพื้นที่แต่ละจังหวัดได้,tB7DEtiqE3Wvd4N16LQd,2025-07-02T10:20:23.720Z,C221,sYlguleSdRLFKo93gC25
aJQrakqi9y9q8ZEmzV3T,เห็นด้วยบางส่วน,2025-07-02T10:20:23.720Z,2025-07-02T10:20:23.720Z,เห็นด้วยว่า สสร. ควรมีสัญชาติไทย แต่คิดว่าก็ควรให้แรงงานข้ามชาติมีส่วนร่วมได้ เพราะเขาก็อาศัยอยู่ในประเทศ,w1UaINJpdc3KsocCvWSD,2025-07-02T10:20:23.720Z,C211,b2mniKFeK904j6xBSgJh
aMuG3QOfgpVh9wZkQiVe,เห็นด้วย,2025-07-02T10:20:23.720Z,2025-07-02T10:20:23.720Z,ความหลากหลายเชิงพื้นที่,4CGZkWkBlX9VNSkBJEGI,2025-07-02T10:20:23.720Z,C233,
aS7p5sLvzwdxpAKkaRVA,ไม่เห็นด้วย,2025-07-02T10:20:23.720Z,2025-07-02T10:20:23.720Z,ไม่อยากให้สสร.มีอำนาจต่อ กลัวจะกลายเป็นอำนาจใหม่,Zm98HOrjLwwudUq56iax,2025-07-02T10:20:23.720Z,C275,
aYRvizTHSV0bYYuTLyy7,ไม่เห็นด้วย,2025-07-02T10:20:23.720Z,2025-07-02T10:20:23.720Z,กลุ่มคนที่ยังไม่มีสัญชาติไทย ถือบัตรประชาชนเลข 0 เช่น กลุ่มชาติพันธ์ุ ควรมีสิทธิสมัครได้,w1UaINJpdc3KsocCvWSD,2025-07-02T10:20:23.720Z,C192,b2mniKFeK904j6xBSgJh
aaF1A7cA2OOPKezZbLmf,เห็นด้วย,2025-07-02T10:20:23.720Z,2025-07-02T10:20:23.720Z,ไม่จำเป็นต้องเป็นกลางทางการเมือง แต่ต้องไม่ขัดกับประชาธิปไตย เพราะการเป็นกลางพิสูจน์ยาก,w1UaINJpdc3KsocCvWSD,2025-07-02T10:20:23.720Z,C205,sEhp2J7dhvfMdLka8Sns
aybMdZmJC3A7dpF5uWs7,เห็นด้วย,2025-07-02T10:20:23.720Z,2025-07-02T10:20:23.720Z,political landscape สำคัญกว่า,PPDctBeP0CJft1MFeAC8,2025-07-02T10:20:23.720Z,C127,
b2mniKFeK904j6xBSgJh,เห็นด้วย,2025-07-02T10:20:23.720Z,2025-07-02T10:20:23.720Z,สสร. จำเป็นต้องมีสัญชาติไทย เพราะเป็นการออกแบบกติกาของประชาชนชาวไทย,w1UaINJpdc3KsocCvWSD,2025-07-02T10:20:23.720Z,C207,
b5NrOICXAlz1LwH8cxEc,ไม่เห็นด้วย,2025-07-02T10:20:23.720Z,2025-07-02T10:20:23.720Z,เลือกตั้ง 100% ไม่สามารถ represent ทุกกลุ่มอาชีพ,wnWqZuCRhIESkI8KhmhZ,2025-07-02T10:20:23.720Z,C97,
b93hzLTwzhU2HP5RQqr4,เห็นด้วยบางส่วน,2025-07-02T10:20:23.720Z,2025-07-02T10:20:23.720Z,ยังไม่ค่อยเห็นด้วยกับการกำหนดสัดส่วน เพราะเป็น politics,lY0oZzdYo9y3zFhhYnmy,2025-07-02T10:20:23.720Z,C77,
bBN1wiCRY7zb1gCtdjJm,เห็นด้วย,2025-07-02T10:20:23.720Z,2025-07-02T10:20:23.720Z,ควรมีคุณสมบัติที่เปิดกว้าง และมีอุดมการณ์ที่ชัดเจนว่าไม่ได้สนับสนุนรัฐประหาร,SVBo1xoP6wqVOYRaY51q,2025-07-02T10:20:23.720Z,C120,
bHFtpgqwCuOxJS0CAJws,เห็นด้วย,2025-07-02T10:20:23.720Z,2025-07-02T10:20:23.720Z,ต้องมาจากกระบวนการสรรหาที่โปร่งใส,i7nD4nBuvDJmmwAAfNuk,2025-07-02T10:20:23.720Z,C63,hSMmICGvQ48Gg1RdvsZE
bWRjIZZGV3aZFQyJyp5t,เห็นด้วย,2025-07-02T10:20:23.720Z,2025-07-02T10:20:23.720Z,ควรมีการกำหนดคุณสมบัติ เช่น คนที่เคยมีส่วนร่วมในการรัฐประหาร ไม่ให้สมัคร,mMeEpUAziHDhG50zT935,2025-07-02T10:20:23.720Z,C101,
bjLbbbz8NiSpr6oZy8xQ,เห็นด้วย,2025-07-02T10:20:23.720Z,2025-07-02T10:20:23.720Z,concern ว่าซ้ำซ้อนกับ สสเขต: สสรมีสังกัดที่หลากหลาย และอิสระมากกว่า สสรตามเขตพื้นที่น่าจะ represent ปัญหาต่าง ๆ ได้ดีกว่า,2rIAoKtf0uRsbMDTZ6kE,2025-07-02T10:20:23.720Z,C124,65HbF76CoG7Fg9Qa1QQr
bo4yqBKzO9Krv5ZrkrVt,เห็นด้วย,2025-07-02T10:20:23.720Z,2025-07-02T10:20:23.720Z,ควรกำหนดให้หน้าที่ของ สสร. คือการทำให้ประชาชนมองเห็นว่าอำนาจอยู่ที่เขา,wXQy4GNSAVByO1QwIw31,2025-07-02T10:20:23.720Z,C263,
bp6pVunRjYAkmJpPWrN7,เห็นด้วย,2025-09-09T10:54:58.535Z,2025-09-09T10:54:58.535Z,ส่วนตัวอยากออกไปเป้นนักข่าวอีกครั้ง แต่ถ้ามีประวัติด้านคดีจะไม่สามารถทำบัตรนักข่าวได้ จึงต้องการสิทธิการลบประวัติ,BT8x8rmFStJjIMvPB10J,2025-09-09T10:54:58.535Z,,
cDrfaKp9bGKCyzw0jBeW,เห็นด้วย,2025-07-02T10:20:23.720Z,2025-07-02T10:20:23.720Z,ควรให้ภาคประชาสังคมมาตรวจสอบด้วย,UAUwl0DaojqWo5PD1hl8,2025-07-02T10:20:23.720Z,C177,9GW2UlwkVhabELr942Oy
cbyQk5FWYsvx2SaQWy8h,เห็นด้วย,2025-07-02T10:20:23.720Z,2025-07-02T10:20:23.720Z,สสร. ควรพิจารณากฎหมายเก่าที่บกพร่องมาพิจารณาใหม่ เช่น มาตรา 77,UiPSbzGwIdu94dj1WKN4,2025-07-02T10:20:23.720Z,C338,
cidObqDBUAO72iFeNmgF,เห็นด้วยบางส่วน,2025-07-02T10:20:23.720Z,2025-07-02T10:20:23.720Z,ต้องมีการออกแบบว่ากระบวนการเลือกคนเข้าไปใช้หลักการอะไร,4CGZkWkBlX9VNSkBJEGI,2025-07-02T10:20:23.720Z,C238,
cz10EvoexTSz0P6rSvdY,เห็นด้วย,2025-07-02T10:20:23.720Z,2025-07-02T10:20:23.720Z,ควรมีการรณรงค์หาเสียงทั้งการเลือกตั้งและแบ่งเขตเพื่อให้เห็นประเด็น,tB7DEtiqE3Wvd4N16LQd,2025-07-02T10:20:23.720Z,C223,sYlguleSdRLFKo93gC25
d96m7Pok1pYdasZBMqo5,เห็นด้วย,2025-07-02T10:20:23.720Z,2025-07-02T10:20:23.720Z,นำเสนอข้อมูลแบบ onboard / online เพิ่มความโปร่งใส ติดตาม และตรวจสอบ สสร.,peEZ4F0cByDfdVv4Mh5R,2025-07-02T10:20:23.720Z,C308,
dLQvhXSG7pigJ2FPtBD6,เห็นด้วยบางส่วน,2025-07-02T10:20:23.720Z,2025-07-02T10:20:23.720Z,สสร. ที่มีความเชี่ยวชาญในประสบการณ์ด้านการทำงานในด้านหนึ่ง ๆ ควรมีการกำหนดระยะเวลาของประสบการณ์ของงานที่ทำ เช่น มากกว่า x ปี,oRaHQAaxlJ5gKS85cssh,2025-07-02T10:20:23.720Z,C9,
dM6Yj9KfHjHTTJaAN6Gv,ไม่เห็นด้วย,2025-07-02T10:20:23.720Z,2025-07-02T10:20:23.720Z,เป็นการลิดรอนสิทธิสมาชิกพรรคการเมือง เพราะเขาก็มีสิทธิในการมีส่วนร่วมในการออกแบบ รธน.,30iUR5Bs1u2g842KdF3y,2025-07-02T10:20:23.720Z,C145,weOxKzgOdsLZJOluVk6b
djiZldieS8RLaNqXntgQ,เห็นด้วยบางส่วน,2025-07-02T10:20:23.720Z,2025-07-02T10:20:23.720Z,"รัฐธรรมนูญ ""การเมืองมาก่อนเรื่องเทคนิค""",ntBJAaqOZ6CVfzvCIdlt,2025-07-02T10:20:23.720Z,C189,
dkHkmMduxBExNKh9NWsq,เห็นด้วยบางส่วน,2025-07-02T10:20:23.720Z,2025-07-02T10:20:23.720Z,มีข้อจำกัดเรื่องบางบทจะทำให้เกิดความขัดแย้ง เช่น หมวด 1-2,yhZRzAUfUTa7emEn5TrG,2025-07-02T10:20:23.720Z,C99,
dkxSFjNYPFvITluOqDBk,เห็นด้วยบางส่วน,2025-07-02T10:20:23.720Z,2025-07-02T10:20:23.720Z,พอคนที่สมัครมาน้อย ทำให้ต้องผลักคนที่อาจจะแปล่งๆ ไปให้,eI7AwyqnfrU90ciZcB2J,2025-07-02T10:20:23.720Z,C259,
dyeZQ24Yl57HuJ79AKvM,เห็นด้วย,2025-07-02T10:20:23.720Z,2025-07-02T10:20:23.720Z,เพราะคนใน paradigm อาจจะมีประเด็นร่วมกัน มากกว่าเรื่องการแบ่งจังหวัด,PPDctBeP0CJft1MFeAC8,2025-07-02T10:20:23.720Z,C128,
e88n1iyxbifkqaQzSViI,ไม่เห็นด้วย,2025-07-02T10:20:23.720Z,2025-07-02T10:20:23.720Z,ยังเห็นด้วยเรื่อง province / ภาค เพราะจะได้เห็นปัญหาระดับภาค และการสื่อสารภายในภาค,PPDctBeP0CJft1MFeAC8,2025-07-02T10:20:23.720Z,C130,
eENfD0zhRzNJB0orUpBj,เห็นด้วย,2025-07-02T10:20:23.720Z,2025-07-02T10:20:23.720Z,เยาวชนก็ควรมีส่วนร่วมใน สสร,8vddQeCXJp9iuCwsqe7l,2025-07-02T10:20:23.720Z,C218,hlIA18qqDJTqmloRSuBh
eOtGNeUDzBIZ6oBdu2cQ,เห็นด้วย,2025-09-09T10:50:09.178Z,2025-09-09T10:50:09.178Z,เมื่อมีการเปลี่ยนแปลงกฎหมาย ก็ต้องการทราบว่าจะส่งผลต่อคดีหรือไม่,ZAdCNNsmsUjfqIH0m3Px,2025-09-09T10:50:09.178Z,,
ePDuNcgiuTDXx60fyeN9,เห็นด้วย,2025-07-02T10:20:23.720Z,2025-07-02T10:20:23.720Z,เข้าหาทางกลุ่มสังคมของกลุ่มเฉพาะต่าง ๆ เช่น สมาคมผู้พิการ เพื่อสร้างฐานเสียง,LKXzmA9tyTknWrjuwsup,2025-07-02T10:20:23.720Z,C117,
eSf3m5SObGFor51c7Xil,เห็นด้วย,2025-07-02T10:20:23.720Z,2025-07-02T10:20:23.720Z,เพื่อทำให้คนได้เริ่มเห็นว่ารัฐธรรมนูญเกี่ยวข้องกับชีวิตเขาอย่างไร,gVOKNIr5SqGSYt4UQGwz,2025-07-02T10:20:23.720Z,C296,OnrQqs4Ue6R9rjY9fuDR
eYYoZvhzFeMUzK9GEHUi,เห็นด้วยบางส่วน,2025-07-02T10:20:23.720Z,2025-07-02T10:20:23.720Z,ไม่เห็นความยึดโยง หรือประเด็นที่แตกต่างของพื้นที่ (ยกเว้น จชต.),2rIAoKtf0uRsbMDTZ6kE,2025-07-02T10:20:23.720Z,C35,
ee8DZl1sECM8dDxb5FMW,เห็นด้วย,2025-07-02T10:20:23.720Z,2025-07-02T10:20:23.720Z,ประชาชนต้องรู้สึกเจ้าของ สสร.,nrEaDmep95iroWpISISA,2025-07-02T10:20:23.720Z,C18,
eqgbYLHOYTsRN9BODZjN,เห็นด้วย,2025-09-05T10:54:22.200Z,2025-09-05T10:54:22.200Z,ส่วนตัวประสบปัญหาการเข้าถึงความช่วยเหลือทางด้านกฎหมาย อยุ่ในเรือนจำไม่มีคนให้คำปรึกษา และติดต่อทนายยาก,ZAdCNNsmsUjfqIH0m3Px,2025-09-05T10:54:22.200Z,,
ezGtPQ5kNoPJcx6H2kek,เห็นด้วย,2025-07-02T10:20:23.720Z,2025-07-02T10:20:23.720Z,เพราะ กกต. ใช้มหาดไทยในการอำนวยการจัดการเลือกตั้ง ซึ่ง มท. อยู่ใต้อำนาจ รมว. (ฝ่ายการเมือง),f8RGpxZJ7dQCu4DY6KRj,2025-07-02T10:20:23.720Z,C25,
f4q28NEPd7R8OYSRfaiT,เห็นด้วยบางส่วน,2025-07-02T10:20:23.720Z,2025-07-02T10:20:23.720Z,ต้องมีการเปิดให้หาเสียงเพื่อให้ประชาชนรู้ว่าใครจะมาเป็นตัวแทน,beJZeFCKxnwomk2qQmnl,2025-07-02T10:20:23.720Z,C113,
f708ROcsCzqPhlfhQhqu,เห็นด้วย,2025-07-02T10:20:23.720Z,2025-07-02T10:20:23.720Z,สื่อไม่ควรเซนเซอร์ตัวเอง,UiN8egrbml9767vx9jT5,2025-07-02T10:20:23.720Z,C335,
f7cUnA0dNyJu72KnDJJT,เห็นด้วย,2025-07-02T10:20:23.720Z,2025-07-02T10:20:23.720Z,ภาษาที่ใช้ต้องง่าย ชาวบ้านเข้าใจง่าย และตัวฉบับรัฐธรรมนูญต้องไม่หนา,peEZ4F0cByDfdVv4Mh5R,2025-07-02T10:20:23.720Z,C311,
f9sh3fNd85v82B7IxaE8,ไม่เห็นด้วย,2025-07-02T10:20:23.720Z,2025-07-02T10:20:23.720Z,เขาอาจจะมองว่ากฎกติกาแวดล้อมอาจจะไม่เอื้อ ทำให้หลายคนไม่อยากลง,eI7AwyqnfrU90ciZcB2J,2025-07-02T10:20:23.720Z,C258,
fl4Eb7YfDvhqhYA6Axij,เห็นด้วยบางส่วน,2025-07-02T10:20:23.720Z,2025-07-02T10:20:23.720Z,ในต่างประเทศมีกลไกในการเลือกตั้งต่างออกไป เช่น เลือก 2 รอบ (ไม่ระบุว่าใครจะเป็นการจัดการเลือกตั้ง),f8RGpxZJ7dQCu4DY6KRj,2025-07-02T10:20:23.720Z,C24,ezGtPQ5kNoPJcx6H2kek
flmFIYHS7ad51KzVgfWL,เห็นด้วยบางส่วน,2025-07-02T10:20:23.720Z,2025-07-02T10:20:23.720Z,สามารถจัด debate หรือวิดีโอแนะนำตัว ไม่จำกัดแค่ข้อความบนกระดาษ,30iUR5Bs1u2g842KdF3y,2025-07-02T10:20:23.720Z,C157,
fud8iLtm4qIS8CLgBPUL,เห็นด้วย,2026-02-27T11:07:14.756Z,2026-02-27T11:07:14.756Z,"โดยคาดหวังว่ารัฐธรรมนูญจะสามารถทำหน้าที่ในการขับเคลื่อนประเทศให้สามารถก้าวหน้าและมีอิสรภาพมา
กขึ้น",QIx0bqPEjthH7vViEhlP,2026-02-27T11:07:14.756Z,,
fvspmU772D2lrKKd4aAJ,เห็นด้วยบางส่วน,2025-07-02T10:20:23.720Z,2025-07-02T10:20:23.720Z,เห็นด้วยกับการเลือกตั้งทั้งหมด ควรมีการรับประกันความเชี่ยวชาญด้วย,tB7DEtiqE3Wvd4N16LQd,2025-07-02T10:20:23.720Z,C230,
fyJIHlB8MxjoxiBZqpCi,เห็นด้วยบางส่วน,2025-07-02T10:20:23.720Z,2025-07-02T10:20:23.720Z,สสร. ควรทำงานในลักษณะจิตอาสา ที่ได้รับการอำนวยความสะดวกจากรัฐ โดยไม่ต้องเดือดร้อนตัวเอง แต่ต้องไม่สร้างผลประโยชน์-อำนาจที่ล้นฟ้า,EjCnAXDaaJuBQLhHI42W,2025-07-02T10:20:23.720Z,C104,
gD9WOyAX6n8tvl6JNXQ1,เห็นด้วยบางส่วน,2025-07-02T10:20:23.720Z,2025-07-02T10:20:23.720Z,มันต้องระบุในคุณสมบัติบางส่วน,XVmOnQaXkN0SrR4L2Cqf,2025-07-02T10:20:23.720Z,C133,
glK68E9Nwobhq6JqW31o,เห็นด้วย,2025-07-02T10:20:23.720Z,2025-07-02T10:20:23.720Z,อาจจะมีจดหมายข่าวส่ง หรือเปิดให้ภาคประชาสังคมมาทำแพลตฟอร์มเพิ่ม เพื่อให้ประชาชนได้รับรู้ตลอดกระบวนการ,peEZ4F0cByDfdVv4Mh5R,2025-07-02T10:20:23.720Z,C316,
hM62MJZR9QP0ybKrKBVc,ไม่เห็นด้วย,2025-07-02T10:20:23.720Z,2025-07-02T10:20:23.720Z,คิดว่ายากในแง่ของความเป็นอิสระ,30iUR5Bs1u2g842KdF3y,2025-07-02T10:20:23.720Z,C140,weOxKzgOdsLZJOluVk6b
hMF8l6EIiVvdcSAcviYN,เห็นด้วย,2025-07-02T10:20:23.720Z,2025-07-02T10:20:23.720Z,คนที่สอบตก ก็ควรเข้ามามีส่วนร่วมในกระบวนการร่างด้วยได้ ไม่ใช่แค่คนที่ได้รับเลือกตั้ง,4CGZkWkBlX9VNSkBJEGI,2025-07-02T10:20:23.720Z,C231,
hSMmICGvQ48Gg1RdvsZE,เห็นด้วย,2025-07-02T10:20:23.720Z,2025-07-02T10:20:23.720Z,ให้มีสัดส่วนของ สภาผู้แทนราษฎรด้วย,i7nD4nBuvDJmmwAAfNuk,2025-07-02T10:20:23.720Z,C66,
hYh8sN3Jcy1nCEGHaYiF,ไม่เห็นด้วย,2025-07-02T10:20:23.720Z,2025-07-02T10:20:23.720Z,ควรมองที่ความเชี่ยวชาญและประสบการณ์มากกว่า โดยไม่จำกัดเรื่องเพศ,4CGZkWkBlX9VNSkBJEGI,2025-07-02T10:20:23.720Z,C232,rBQp47v74BLfMDUVhHem
hl79XPLJ1yQt8wrLVqYm,เห็นด้วย,2025-07-02T10:20:23.720Z,2025-07-02T10:20:23.720Z,ถ้าไม่มีหน้าที่นี้อาจจะทำให้รู้สึกไม่มีอำนาจและดึงคนเข้ามาไม่ได้,Qq1TpRiXFWMxooMqijVt,2025-07-02T10:20:23.720Z,C320,Z2Eq8i2xYT6I1Y5Gr6nd
hlIA18qqDJTqmloRSuBh,ไม่เห็นด้วย,2025-07-02T10:20:23.720Z,2025-07-02T10:20:23.720Z,ควรมองเรื่องประสบการณ์การทำงาน มากกว่าวุฒิการศึกษา,8vddQeCXJp9iuCwsqe7l,2025-07-02T10:20:23.720Z,C213,
hvQ0eTcqUJsmGB7sNbMz,ไม่เห็นด้วย,2025-07-02T10:20:23.720Z,2025-07-02T10:20:23.720Z,ควรมาเพื่อเป็นตัวแทนประชาชนจริงๆ ไม่ใช่มาเพื่อรับใช้กลุ่มการเมืองใด,VWv2kzIsYMLNk5oxEMFe,2025-07-02T10:20:23.720Z,C166,
hxyvkW5Z6qG4zs5EvvDw,เห็นด้วย,2025-09-05T10:31:56.867Z,2025-09-05T10:31:56.867Z,หากได้ประกอบอาชีพสุจริต ก็จะไม่ต้องกลับไปยุ่งเกี่ยวกับยาเสพติดอีก,BT8x8rmFStJjIMvPB10J,2025-09-05T10:31:56.867Z,,
iEQebMJL5nW2f4IVdjos,ไม่เห็นด้วย,2025-09-09T11:29:57.905Z,2025-09-09T11:29:57.905Z,คนที่สมัครเป็นสสร. ต้องไม่อยู่ภายใต้กลุ่มการเมือง,VWv2kzIsYMLNk5oxEMFe,2025-09-09T11:29:57.905Z,,
iRruuhXUNMCyatTNGXBM,เห็นด้วย,2025-07-02T10:20:23.720Z,2025-07-02T10:20:23.720Z,ความหลากหลายทางวิชาชีพ เพื่อที่จะนำเสนอความเห็นในแต่ละวิชาชีพในรัฐธรรมนูญ,4CGZkWkBlX9VNSkBJEGI,2025-07-02T10:20:23.720Z,C235,
iuPxuFsvTAy9tnFpXrWe,เห็นด้วย,2025-07-02T10:20:23.720Z,2025-07-02T10:20:23.720Z,จะได้ป้องกันคนที่อยากมีอยากได้เข้ามา และให้ได้คนที่มีจิตอาสา,wXQy4GNSAVByO1QwIw31,2025-07-02T10:20:23.720Z,C264,
iwU49QtAvTBGvCOj6qjh,เห็นด้วย,2025-07-02T10:20:23.720Z,2025-07-02T10:20:23.720Z,เพราะสะท้อนเสียงส่วนใหญ่ที่แท้จริง,WBp41ROA3KlO0ByzXmRS,2025-07-02T10:20:23.720Z,C70,
j9P3mof2VCh5JjGISHBH,เห็นด้วย,2025-07-02T10:20:23.720Z,2025-07-02T10:20:23.720Z,เช่น การใช้แอพที่คนใช้อยู่แล้ว เช่น แอพเป๋าตังค์ ทำกราฟฟิคง่ายๆ ที่ทำให้คนเข้าใจได้,peEZ4F0cByDfdVv4Mh5R,2025-07-02T10:20:23.720Z,C302,JepMcNblrAVmITXa0ed8
jKtwkjU2YTASF4dQhkuX,ไม่เห็นด้วย,2025-07-02T10:20:23.720Z,2025-07-02T10:20:23.720Z,เลือกตั้งอาจไม่ได้ตอบโจทย์สำหรับการได้ สสร. มาทำงานร่างรัฐธรรมนูญ ซึ่งต่างกับ สส. ที่เป็นตัวแทนจากพื้นที่,tB7DEtiqE3Wvd4N16LQd,2025-07-02T10:20:23.720Z,C227,
jSuP6a7wKw5U9xAdn6iV,เห็นด้วย,2025-07-02T10:20:23.720Z,2025-07-02T10:20:23.720Z,ควรจำกัดการทำงานของ กอ.รมน. ไม่ให้มาแทรกแซงการพูดคุยของ สสร.,rv1DxRCAh8vLRGYr7kfa,2025-07-02T10:20:23.720Z,C257,
jhiMhRMfgfxjo1pj7wx0,ไม่เห็นด้วย,2025-07-02T10:20:23.720Z,2025-07-02T10:20:23.720Z,สสร. ตัวแทนพื้นที่ กำหนดเงื่อนไขยาก และมักจะได้ข้าราชการท้องถิ่นเข้ามาทำ,2rIAoKtf0uRsbMDTZ6kE,2025-07-02T10:20:23.720Z,C125,65HbF76CoG7Fg9Qa1QQr
jjxiecMeUBFp1R2ErmDF,เห็นด้วยบางส่วน,2025-07-02T10:20:23.720Z,2025-07-02T10:20:23.720Z,คดีอาญา เช่น ฆ่าคน ขายยาเสพติด,w1UaINJpdc3KsocCvWSD,2025-07-02T10:20:23.720Z,C194,pvgzXQmEqXcLkAu72Asi
jwg2sALykwAAOfWxpXeh,เห็นด้วยบางส่วน,2025-07-02T10:20:23.720Z,2025-07-02T10:20:23.720Z,หรืออาจต้องมีการผสมผสานแนวทางอื่นเข้าไป,Pl9XOn5DOwkr51BNH2hh,2025-07-02T10:20:23.720Z,C15,m13xLNSqMioA11nJLvLe
jzLYhOOcqiZWWJQ4aQOs,เห็นด้วย,2025-07-02T10:20:23.720Z,2025-07-02T10:20:23.720Z,ประชาชนควรได้รู้จักคณะผู้ช่วย สสร ด้วย,w1UaINJpdc3KsocCvWSD,2025-07-02T10:20:23.720Z,C202,TNUxwghVznFGC9JfMygK
k17c5xWAz6Z3f5m15uJE,เห็นด้วย,2025-07-02T10:20:23.720Z,2025-07-02T10:20:23.720Z,สสร. ต้องรวบรวมความคิดเห็นที่หลากหลายเข้ามาไว้ด้วยกันได้,4CGZkWkBlX9VNSkBJEGI,2025-07-02T10:20:23.720Z,C248,
k6jnOHGiv3LmZi9zFZr8,เห็นด้วยบางส่วน,2025-07-02T10:20:23.720Z,2025-07-02T10:20:23.720Z,อาจมีที่ปรึกษาที่เป็นผู้เชี่ยวชาญ นำความเห็นมาเรียบเรียงเป็นกฏหมาย,lRI4lhkiWzTKCOBsbL3p,2025-07-02T10:20:23.720Z,C122,
k9gAMnvzAt23SUX6W8MC,เห็นด้วย,2025-07-02T10:20:23.720Z,2025-07-02T10:20:23.720Z,สสร. ตอนให้ความเห็น มันไม่เห็นว่าแต่ละคนพูดอะไร ไม่มี accountabilityเสนอให้เปิดเผยความเห็นร่าง รธน.,C88gOdn5c8qXMV5MJ2h0,2025-07-02T10:20:23.720Z,C51,
kDKK4MxjoNhKTb3NLIo3,เห็นด้วย,2025-07-02T10:20:23.720Z,2025-07-02T10:20:23.720Z,การร่างรัฐธรรมนุญควรเป็นเรื่องของพลเรือน,VWv2kzIsYMLNk5oxEMFe,2025-07-02T10:20:23.720Z,C165,7ylAbqOFz4Delu2OOW2k
kFHCktVfyUGdaxz77m8N,เห็นด้วย,2025-11-27T08:42:50.567Z,2025-11-27T08:42:50.567Z,โดยอยากให้การอบรมอาชีพในเรือนจำเป็นวิชาชีพที่หางานทำได้จริง,BT8x8rmFStJjIMvPB10J,2025-11-27T08:42:50.567Z,,p2RlM13RndVsKQjizGo4
kconqzsaLYkxvCa0wQVK,เห็นด้วย,2025-07-02T10:20:23.720Z,2025-07-02T10:20:23.720Z,ควรมี platform ให้คนได้รู้จักผู้สมัคร สสร,w1UaINJpdc3KsocCvWSD,2025-07-02T10:20:23.720Z,C196,TNUxwghVznFGC9JfMygK
ke47wKFWTflAaeFFVpLR,เห็นด้วย,2025-07-02T10:20:23.720Z,2025-07-02T10:20:23.720Z,ควรเปิดกว้าง เพราะต้องให้คนรุ่นใหม่มีส่วนร่วมเพราะเค้าก็ต้องเป็นคนใช้งาน,pegZwJVtwSuC87fEl0UZ,2025-07-02T10:20:23.720Z,C250,
l22Uj108oRQt2jTjDFXG,เห็นด้วยบางส่วน,2025-07-02T10:20:23.720Z,2025-07-02T10:20:23.720Z,ยกเว้นคดีทางการเมือง,w1UaINJpdc3KsocCvWSD,2025-07-02T10:20:23.720Z,C206,pvgzXQmEqXcLkAu72Asi
lEqa1lOmvnzl0w0RTtvk,เห็นด้วย,2025-07-02T10:20:23.720Z,2025-07-02T10:20:23.720Z,ผู้เชี่ยวชาญไม่ควรอยู่ใน สสร.,ntBJAaqOZ6CVfzvCIdlt,2025-07-02T10:20:23.720Z,C187,Dxx97EmKFLXfJRoEzH06
lJYs1RYMVPyFvkeLGkJu,เห็นด้วย,2025-07-02T10:20:23.720Z,2025-07-02T10:20:23.720Z,ชนชั้นใดเป็นคนร่างกฎหมายก็จะเป็นกฎหมายของชนชั้นนั้น ที่ผ่านมา รธน. ฉบับนี้ให้อำนาจศาล รธน. มากเกินไป,Qq1TpRiXFWMxooMqijVt,2025-07-02T10:20:23.720Z,C319,
lUwZ0gNcKYlniliBOvxl,เห็นด้วยบางส่วน,2025-07-02T10:20:23.720Z,2025-07-02T10:20:23.720Z,ควรเปิดให้มีการฟังเสียง offline และ ออนไลน์ เพื่อไม่ให้มีการ bomb คะแนนเสียงเพียงฝ่ายเดียว,ioBTEBAqB3GfzOzop0K3,2025-07-02T10:20:23.720Z,C4,AxjNgQeYOaAMea6LevWg
lfZDMysrlPl6Y06qb8kW,เห็นด้วย,2025-07-02T10:20:23.720Z,2025-07-02T10:20:23.720Z,การเลือกตั้งอย่างเดียวอาจเป็นการจำกัดความหลากหลาย,F4KhD4lOYoeldMS4hYnG,2025-07-02T10:20:23.720Z,C28,
lfaod5nWmqvCtvObgQiv,เห็นด้วย,2025-07-02T10:20:23.720Z,2025-07-02T10:20:23.720Z,กระบวนการในสร้างความโปร่งใสตรวจสอบได้ ต้องไม่ซับซ้อนมาก เพื่อให้ชาวบ้านเข้าใจได้,FTlX1sG1A34X6v4SF2KR,2025-07-02T10:20:23.720Z,C114,
m13xLNSqMioA11nJLvLe,เห็นด้วย,2025-07-02T10:20:23.720Z,2025-07-02T10:20:23.720Z,ไม่จำเป็นต้องมีคณะทำงานผู้เชี่ยวชาญมาเขียนกฎหมายให้เป็นภาษายากๆ ชาวบ้านก็เขียนกฎหมายเองได้,Pl9XOn5DOwkr51BNH2hh,2025-07-02T10:20:23.720Z,C13,
m7KfXdIAPDlqZ1TZdk16,เห็นด้วยบางส่วน,2025-07-02T10:20:23.720Z,2025-07-02T10:20:23.720Z,หรือต้องมีคล้ายๆ สภาเยาวชนที่เป็นคู่ขนานให้เด็กได้มีส่วนร่วมด้วย,pegZwJVtwSuC87fEl0UZ,2025-07-02T10:20:23.720Z,C254,
mHpLW6kOo1SODHE1XD06,เห็นด้วยบางส่วน,2025-07-02T10:20:23.720Z,2025-07-02T10:20:23.720Z,ต้องเปิดเผยข้อมูลของผู้สมัคร เพื่อให้เห็นความยึดโยงที่หลากหลายของสังคม ทั้งอาชีพ ภูมิลำเนา สถานะทางเศรษฐกิจและสังคม ฯลฯ,cwMYFZkBcDAT64xVGPYi,2025-07-02T10:20:23.720Z,C90,
mIMHq9WZodoKz8FKkuoD,เห็นด้วย,2025-07-02T10:20:23.720Z,2025-07-02T10:20:23.720Z,เหมือนเป็น Curator เพื่อเป็นการการันตีว่ากระบวนการมันจะเดินต่อไปได้,hHM0HVjqwKVeG9AWTAZF,2025-07-02T10:20:23.720Z,C282,nwAHKB5cLzw3drCmB3nu
mKWBILMBWKO3fWtvDwfc,เห็นด้วย,2025-07-02T10:20:23.720Z,2025-07-02T10:20:23.720Z,เป็นคณะกรรมการอิสระที่ถูกจัดตั้งเป็นส่วนหนึ่งในโครงสร้างของ สสร. ไปเลย,mb426CKotDswSd9rgWPp,2025-07-02T10:20:23.720Z,C86,SE7yeHN4v2NmRIFtmmwC
mNFVAuXIM2S5wXCPhGJc,เห็นด้วย,2025-07-02T10:20:23.720Z,2025-07-02T10:20:23.720Z,อยากให้มีการจัดสรรงบประมาณสำหรับให้ภาคประชาสังคมทำกิจกรรมร่วมจับตา,peEZ4F0cByDfdVv4Mh5R,2025-07-02T10:20:23.720Z,C315,TxUjqxhs0xmmRyIfrrCX
mR3IlNPXnVtG4Z60ZWk8,เห็นด้วย,2025-07-02T10:20:23.720Z,2025-07-02T10:20:23.720Z,ไม่ควรเต็มไปด้วยผู้เชี่ยวชาญ,Qq1TpRiXFWMxooMqijVt,2025-07-02T10:20:23.720Z,C324,
n89CAbiijiZpmjn40vDU,เห็นด้วยบางส่วน,2025-07-02T10:20:23.720Z,2025-07-02T10:20:23.720Z,เป็นได้ แต่อาจต้องมีการเว้นวรรคช่วงระยะเวลา เช่น 5-10 ปี,4FVZ0ewHQ4KGRiPBoGm1,2025-07-02T10:20:23.720Z,C83,
nhw8ENbboeq4Z5asf0F0,เห็นด้วย,2026-02-27T11:25:48.067Z,2026-02-27T11:25:48.067Z,เป็นรากฐานที่สำคัญในการขับเคลื่อนนโยบายต่าง ๆ เพื่อพัฒนาประเทศ,ee9QQZxV5iESX66emeXE,2026-02-27T11:25:48.067Z,,
nl3g54bWs3AUMvKBETSK,ไม่เห็นด้วย,2025-07-02T10:20:23.720Z,2025-07-02T10:20:23.720Z,ไม่ต้องเว้นวรรคก็ได้ แค่ต้องลาออก ณ วันที่สมัคร,30iUR5Bs1u2g842KdF3y,2025-07-02T10:20:23.720Z,C152,weOxKzgOdsLZJOluVk6b
noZbJ6UJJ68qzVbef1k5,เห็นด้วย,2025-07-02T10:20:23.720Z,2025-07-02T10:20:23.720Z,ควรทำให้คนที่เคยทำให้ประชาธิปไตยในไทยพัง ต้องถูกกันออกไป,XVmOnQaXkN0SrR4L2Cqf,2025-07-02T10:20:23.720Z,C131,
npIQufnieXkPQP9ZfKKX,เห็นด้วย,2025-07-02T10:20:23.720Z,2025-07-02T10:20:23.720Z,การผูกขาดของธุรกิจบางส่วนทำให้สินค้าและบริการบางอย่างมีราคาสูงและไม่ได้มาตรฐาน และยังทำให้เกิดปัญหาสิ่งแวดล้อม,NKpuHPFOMLsCgTwgcHX9,2025-07-02T10:20:23.720Z,C341,
nsiYn9hvDsrHYNRF1w7X,เห็นด้วย,2025-07-02T10:20:23.720Z,2025-07-02T10:20:23.720Z,แก้ปัญหาเรื่องการซื้อเสียงได้,WBp41ROA3KlO0ByzXmRS,2025-07-02T10:20:23.720Z,C69,
nw1HkooUPbiamjZ1je4c,เห็นด้วยบางส่วน,2025-07-02T10:20:23.720Z,2025-07-02T10:20:23.720Z,ต้องหากลไกที่ทำให้กลุ่มการเมืองไม่ Take All แต่ไม่ควรกีดกันกลุ่มการเมืองเพราะสุดท้ายก็มีการเอาไปซ่อนได้,VWv2kzIsYMLNk5oxEMFe,2025-07-02T10:20:23.720Z,C111,iEQebMJL5nW2f4IVdjos
nwAHKB5cLzw3drCmB3nu,เห็นด้วยบางส่วน,2025-07-02T10:20:23.720Z,2025-07-02T10:20:23.720Z,ต้องมีตัว lead ว่าเราอยากจะแก้อะไร​? เพื่อเป็นตัวนำในการแก้ไข,hHM0HVjqwKVeG9AWTAZF,2025-07-02T10:20:23.720Z,C279,
oMJGnunRa1rWMcVddDMO,เห็นด้วย,2025-07-02T10:20:23.720Z,2025-07-02T10:20:23.720Z,สสร. ต้องมาจากการเลือกตั้ง,EjCnAXDaaJuBQLhHI42W,2025-07-02T10:20:23.720Z,C105,
oNKKsxBjbAXD5gVkyyar,เห็นด้วย,2025-07-02T10:20:23.720Z,2025-07-02T10:20:23.720Z,สสร. ควรทำหน้าที่กระบวนกร และข้อมูลที่เก็บจากวงสนทนาต่างๆ สามารถนำมาวิเคราะห์ เพื่อนำไปเป็นข้อมูลในการร่างรัฐธรรมนูญต่อได้,Qq1TpRiXFWMxooMqijVt,2025-07-02T10:20:23.720Z,C325,
ocjch0r4S8vPQhqSTT8x,เห็นด้วย,2025-07-02T10:20:23.720Z,2025-07-02T10:20:23.720Z,แผ่นพับ สื่อเก่าก็ยังจำเป็น สำหรับคนเข้าไม่ถึงเทคโนโลยี,peEZ4F0cByDfdVv4Mh5R,2025-07-02T10:20:23.720Z,C310,
ofcEJjpQs38vcsRma5Eo,เห็นด้วยบางส่วน,2025-07-02T10:20:23.720Z,2025-07-02T10:20:23.720Z,พื้นที่ สสร.ต้องมีอุปสรรคน้อยที่สุด แต่เป้นพื้นที่ในการถกแถลงเจตน์จำนง,lY0oZzdYo9y3zFhhYnmy,2025-07-02T10:20:23.720Z,C75,
olnCnxxJNyTsbY2Wbovr,เห็นด้วย,2025-07-02T10:20:23.720Z,2025-07-02T10:20:23.720Z,ทำหน้าที่ชี้ให้เห็นว่าปัญหาคืออะไร และถามประชาชนว่าอยากจะแก้ไขแบบไหน,wXQy4GNSAVByO1QwIw31,2025-07-02T10:20:23.720Z,C265,
om01hfe1gTpuKRxGhw5b,เห็นด้วยบางส่วน,2025-07-02T10:20:23.720Z,2025-07-02T10:20:23.720Z,อาจจะไม่ได้คนที่ชอบที่สุด แต่ได้คนที่ไม่ชอบน้อยที่สุด,WBp41ROA3KlO0ByzXmRS,2025-07-02T10:20:23.720Z,C71,
omnm5v4WdJiFa9CmUko3,เห็นด้วย,2025-07-02T10:20:23.720Z,2025-07-02T10:20:23.720Z,ผู้สมัคร สสร. ต้องผ่านการตรวจสอบอุดมการณ์โดยประชาชนผ่านการแถลงนโยบาย (หรือดีเบต),mMeEpUAziHDhG50zT935,2025-07-02T10:20:23.720Z,C102,
p2RlM13RndVsKQjizGo4,เห็นด้วย,2025-09-05T10:52:31.076Z,2025-09-05T10:52:31.076Z,โดยรัฐต้องจัดให้มีระบบฟื้นฟูและฝึกอาชีพภายในเรือนจำที่เชื่อมโยงกับการประกอบอาชีพจริงหลังพ้นโทษ,BT8x8rmFStJjIMvPB10J,2025-09-05T10:52:31.076Z,,
p5uKzlljOSBOs759I7VW,เห็นด้วย,2025-07-02T10:20:23.720Z,2025-07-02T10:20:23.720Z,ความหลากหลายทางด้านรายได้,4CGZkWkBlX9VNSkBJEGI,2025-07-02T10:20:23.720Z,C234,
pDwuC9mOjpaK56FoTI3L,เห็นด้วย,2025-07-02T10:20:23.720Z,2025-07-02T10:20:23.720Z,ควรมีเวทีดีเบตของ สสร ด้วย,iukqL19YJuS67ZkSWMqZ,2025-07-02T10:20:23.720Z,C269,
pLj24KhV2aRDxKuKtscx,เห็นด้วย,2025-07-02T10:20:23.720Z,2025-07-02T10:20:23.720Z,ต้องเปิดข้อมูลว่าเคยโดนโทษหรือคดีอะไรให้สาธารณะรู้ แต่ไม่ควรจำกัด,XVmOnQaXkN0SrR4L2Cqf,2025-07-02T10:20:23.720Z,C132,
plMH5h1dZEPpHmcvspV9,เห็นด้วย,2025-07-02T10:20:23.720Z,2025-07-02T10:20:23.720Z,เป็นพลเมืองควรมีสิทธิเสนอตัวด้วย ไม่ว่าจะโดนดำเนินคดี,w1UaINJpdc3KsocCvWSD,2025-07-02T10:20:23.720Z,C203,pvgzXQmEqXcLkAu72Asi
pnJvptxSvllG3UHX2OmG,เห็นด้วยบางส่วน,2025-07-02T10:20:23.720Z,2025-07-02T10:20:23.720Z,ถ้ามีตำแหน่งทางการเมือง ต้องลาออกจากตำแหน่งทางการเมืองก่อนมาเป็นสสร.,59G9i7h4GZtz0ScSAn0C,2025-07-02T10:20:23.720Z,C172,Q00pb9ZZV2awbV1RcY7D
pth4wFSHKofd6RQzOchf,เห็นด้วย,2025-07-02T10:20:23.720Z,2025-07-02T10:20:23.720Z,จะได้ชัดเจน เราจะได้ไม่มี hidden agenda รู้เลยว่าเขาจะมีความเห็นยังไง,30iUR5Bs1u2g842KdF3y,2025-07-02T10:20:23.720Z,C141,
pvgzXQmEqXcLkAu72Asi,เห็นด้วยบางส่วน,2025-07-02T10:20:23.720Z,2025-07-02T10:20:23.720Z,สสร. ต้องไม่มีคดีเกี่ยวข้องกับการเงิน คดีอาญา คดียาเสพติด,w1UaINJpdc3KsocCvWSD,2025-07-02T10:20:23.720Z,C210,
q1FfU02VjBxgKUOBpaHC,เห็นด้วย,2025-09-05T10:30:18.204Z,2025-09-05T10:30:18.204Z,สิทธิในการล้างประวัติ ล้างมลทิน จะช่วยให้ผู้ต้องขังสามารถกลับคืนสู่สังคมได้,BT8x8rmFStJjIMvPB10J,2025-09-05T10:30:18.204Z,,
q5jTNDGjuJiAb4DqHRNw,เห็นด้วย,2025-07-02T10:20:23.720Z,2025-07-02T10:20:23.720Z,ตอนนี้ห่างไปนาน มันดูเฉื่อยๆ กลับมารื้อฟื้นก็น่าจะดี ให้คนมีความรู้,L7vAtfnZK03nF2zDvcvf,2025-07-02T10:20:23.720Z,C261,
qQQKXdrlojFtfyAQunQ6,เห็นด้วยบางส่วน,2025-07-02T10:20:23.720Z,2025-07-02T10:20:23.720Z,ที่ผ่านมาการแบ่งกลุ่มอาชีพไม่ได้เป็นตัวแทนเสียงของเรา,4CGZkWkBlX9VNSkBJEGI,2025-07-02T10:20:23.720Z,C240,
qbZatVo3PE5ElDUhYzVL,เห็นด้วยบางส่วน,2025-07-02T10:20:23.720Z,2025-07-02T10:20:23.720Z,อยากเห็น flow ความคิดคนมากกว่าว่ามาจากพรรคการเมืองไหน,30iUR5Bs1u2g842KdF3y,2025-07-02T10:20:23.720Z,C163,
qyg5Smx8IVqA6LQEYFvT,ไม่เห็นด้วย,2025-07-02T10:20:23.720Z,2025-07-02T10:20:23.720Z,สุดท้ายหนีไม่พ้น กกต. เพราะกลไกตาม รธน. กำหนดให้ กกต.จัดการเลือกตั้ง,f8RGpxZJ7dQCu4DY6KRj,2025-07-02T10:20:23.720Z,C27,
rBQp47v74BLfMDUVhHem,เห็นด้วย,2025-07-02T10:20:23.720Z,2025-07-02T10:20:23.720Z,สสร. ต้องมีความหลากหลายทางเพศ,4CGZkWkBlX9VNSkBJEGI,2025-07-02T10:20:23.720Z,C242,
rf6a3srl2Wl1VFQi2jf9,เห็นด้วยบางส่วน,2025-07-02T10:20:23.720Z,2025-07-02T10:20:23.720Z,ควรให้มีอนุกรรมการไปรับฟังความคิดเห็นจากเยาวชน มากกว่าให้เยาวชนเข้ามาเป็น สสร โดยตรง,pegZwJVtwSuC87fEl0UZ,2025-07-02T10:20:23.720Z,C251,
rfz7HM6s3ylQFvtmGGEv,เห็นด้วย,2025-09-09T10:23:18.690Z,2025-09-09T10:23:18.690Z,จากประสบการณ์ส่วนตัว อยากมีสิทธิติดต่อกับทนายมากกว่านี้,ZAdCNNsmsUjfqIH0m3Px,2025-09-09T10:23:18.690Z,,
rh1vpt9TPWnpdWwhmjeI,เห็นด้วย,2025-07-02T10:20:23.720Z,2025-07-02T10:20:23.720Z,"อาทิ เช่นในปี 40 มีการจัดส่งหนังสือตามบ้าน ปัจจุบันสื่อ social media , internet สามารถเข้าถึงได้ง่ายดายขึ้น อยากให้มีเครื่องมือหรือสื่อ",PoUrwgMfuXEibcipRMM4,2025-07-02T10:20:23.720Z,C268,
sEhp2J7dhvfMdLka8Sns,เห็นด้วยบางส่วน,2025-07-02T10:20:23.720Z,2025-07-02T10:20:23.720Z,คุณสมบัติของสสร. ต้องไม่เป็นปฏิปักษ์ต่อประชาธิปไตย,w1UaINJpdc3KsocCvWSD,2025-07-02T10:20:23.720Z,C212,
sKVoRvunkWPG0aZ5Q6sp,เห็นด้วย,2025-07-02T10:20:23.720Z,2025-07-02T10:20:23.720Z,เห็นด้วย ควรมีโควต้าที่ชัดเจน,tB7DEtiqE3Wvd4N16LQd,2025-07-02T10:20:23.720Z,C229,4Oyb9X2JiSOQ2NsgNUvQ
sQXwLp5UKL1e6E9Km2e2,เห็นด้วย,2026-02-27T10:56:14.025Z,2026-02-27T10:56:14.025Z,องค์ประกอบพื้นฐานของสังคมไทยอย่างพระพุทธศาสนา ก็อาจจะถูกใช้เพื่อสร้างความเป็นพลเมืองในระบอบประชาธิปไตยให้กับคนไทยได้,aOI4WyDnNVXUtAzVqZsS,2026-02-27T10:56:14.025Z,,
sVTCUmp1l4ZU2LHgVion,เห็นด้วย,2026-02-27T11:26:15.029Z,2026-02-27T11:26:15.029Z,"สร้างความเชื่อมโยงระหว่างประชาชนกับภาคการเมือง
ปลูกฝังให้เกิดความรักชาติ สร้างความมั่นคง",ee9QQZxV5iESX66emeXE,2026-02-27T11:26:15.029Z,,
sYlguleSdRLFKo93gC25,เห็นด้วยบางส่วน,2025-07-02T10:20:23.720Z,2025-07-02T10:20:23.720Z,การเลือกตั้งในพื้นที่ควรง่าย เช่น มีตัวแทนในพื้นที่ของตัวเอง ส่วน Party List ต้องเป็นตัวแทนของกลุ่มคนที่มีความหลากหลาย มีความรู้,tB7DEtiqE3Wvd4N16LQd,2025-07-02T10:20:23.720Z,C222,
sbqRJCfslUXlAZWwtt2r,ไม่เห็นด้วย,2026-02-27T10:48:15.525Z,2026-02-27T10:48:15.525Z,กฎเกณฑ์ที่ออกแบบมาจำเป็นต้องมีความเสถียรและมั่นคง,IjZMXmGBxDDaJKh5DyOZ,2026-02-27T10:48:15.525Z,,
siIxOQDFr86HBDvdWosp,ไม่เห็นด้วย,2025-07-02T10:20:23.720Z,2025-07-02T10:20:23.720Z,กลัวว่าพรรคภูมิใจไทยจะได้หมดทุกที่นั่ง,30iUR5Bs1u2g842KdF3y,2025-07-02T10:20:23.720Z,C135,
t5GMLB5aUJmErWhtsKyd,เห็นด้วยบางส่วน,2025-07-02T10:20:23.720Z,2025-07-02T10:20:23.720Z,เห็นด้วยกับการเลือกตั้ง แต่ไม่เห็นด้วยกับการสรรหา,F4KhD4lOYoeldMS4hYnG,2025-07-02T10:20:23.720Z,C29,
tEiZcrqh7O4EhTDECh8v,ไม่เห็นด้วย,2025-07-02T10:20:23.720Z,2025-07-02T10:20:23.720Z,การตีความรัฐธรรมนูญต้องใช้องค์กรอื่นในการตีความ เพราะเจตนารมณ์อาจจะเปลี่ยน,KnLQ88WRrt7g9gfxdAr1,2025-07-02T10:20:23.720Z,C328,
tPdGE6p2PBA5S8rbTvhX,เห็นด้วยบางส่วน,2025-07-02T10:20:23.720Z,2025-07-02T10:20:23.720Z,เยอรมันมันชัดเพราะเป็นยุคนาซี แต่ของเราอาจจะเห็นไม่ชัดอย่างนั้น,XVmOnQaXkN0SrR4L2Cqf,2025-07-02T10:20:23.720Z,C134,
tTq8Bblss3OnAsGhGG2m,เห็นด้วยบางส่วน,2025-07-02T10:20:23.720Z,2025-07-02T10:20:23.720Z,ให้จำกัดโควต้าผู้เชี่ยวชาญ แต่ก็ามต่อว่า แล้วกลุ่มอื่น ๆ ควรมีโควต้าด้วยมั้ย เช่น กลุ่มอาชีพ กลุ่มศาสนา,ntBJAaqOZ6CVfzvCIdlt,2025-07-02T10:20:23.720Z,C190,
tahHwEmLvyEocB2ycoA0,เห็นด้วย,2025-07-02T10:20:23.720Z,2025-07-02T10:20:23.720Z,สสร. ไม่ควรมีสิทธิโหวต แต่เป็นแค่คนที่ออกความคิดเห็น,lRI4lhkiWzTKCOBsbL3p,2025-07-02T10:20:23.720Z,C121,
tbxva4YEXBDZD774IVSM,ไม่เห็นด้วย,2025-07-02T10:20:23.720Z,2025-07-02T10:20:23.720Z,การกำหนดเงื่อนไขเรื่องพรรคการเมืองทำได้ยาก ตีความได้กว้างและหลากหลาย,30iUR5Bs1u2g842KdF3y,2025-07-02T10:20:23.720Z,C136,weOxKzgOdsLZJOluVk6b
tgs0b6KXiP2K0ueAHwQP,เห็นด้วย,2025-07-02T10:20:23.720Z,2025-07-02T10:20:23.720Z,และต้องมีสัดส่วนจากกลุ่มเยาวชนด้วย,4CGZkWkBlX9VNSkBJEGI,2025-07-02T10:20:23.720Z,C246,
u2Swy6u9692eRHRdqK6i,ไม่เห็นด้วย,2025-07-02T10:20:23.720Z,2025-07-02T10:20:23.720Z,ควรมีผู้แทนระดับจังหวัดเพื่อความยึดโยงกับคนทำงานในพื้นที่,2rIAoKtf0uRsbMDTZ6kE,2025-07-02T10:20:23.720Z,C32,
uG2BGcgTm6Ldgamoixh4,เห็นด้วย,2025-07-02T10:20:23.720Z,2025-07-02T10:20:23.720Z,พวกนี้มี DNA ของการเป็น active citizen,30iUR5Bs1u2g842KdF3y,2025-07-02T10:20:23.720Z,C150,
uhA01jATBnHVIti07Axz,เห็นด้วย,2025-07-02T10:20:23.720Z,2025-07-02T10:20:23.720Z,เพราะรัฐธรรมนูญไม่ได้จัดการแค่ปัญหาที่เกิดขึ้นอยู่,khaARS90ROktrWpNefdc,2025-07-02T10:20:23.720Z,C273,
uoTZkXHFOOa3zU6zOVD2,เห็นด้วยบางส่วน,2025-07-02T10:20:23.720Z,2025-07-02T10:20:23.720Z,ความขัดแย้งไม่ควรเป็นเงื่อนไขในการปิดปากหรือแสดงออก,yhZRzAUfUTa7emEn5TrG,2025-07-02T10:20:23.720Z,C98,
uvHrmUCDcrAzSHCWQySG,ไม่เห็นด้วย,2025-07-02T10:20:23.720Z,2025-07-02T10:20:23.720Z,กลุ่มอาชีพไม่ได้สะท้อนความเชี่ยวชาญในสัดส่วน สสร. เท่าที่ควร,hFlaIDjyVSQM95hpLX5l,2025-07-02T10:20:23.720Z,C79,
v0DKxzdJjtjNM6DW9VYG,เห็นด้วย,2025-07-02T10:20:23.720Z,2025-07-02T10:20:23.720Z,สสร. ต้องมีความสามารถในการสื่อสาร และรับฟังประเด็นทางสังคมที่หลากหลาย,Pl9XOn5DOwkr51BNH2hh,2025-07-02T10:20:23.720Z,C14,
v0hIdBfSa4virrU6Gdvw,เห็นด้วย,2025-07-02T10:20:23.720Z,2025-07-02T10:20:23.720Z,อยากให้จำนวน สสร. ในแต่ละจังหวัด สัมพันธ์กับสัดส่วนประชากรในแต่ละจังหวัดด้วย,U3yJP2gjVAZV5h2JzNxY,2025-07-02T10:20:23.720Z,C60,
v64H7gASk7MNPqDdfza3,เห็นด้วย,2025-07-02T10:20:23.720Z,2025-07-02T10:20:23.720Z,ขณะร่างควรเปิดเผยข้อมูล ให้สื่อมวลชนเข้ามามีส่วนร่วมทำข่าว และฟีดแบ็ก,UiN8egrbml9767vx9jT5,2025-07-02T10:20:23.720Z,C333,
vFfRYV9ES7RKtzsMQF1g,เห็นด้วยบางส่วน,2025-07-02T10:20:23.720Z,2025-07-02T10:20:23.720Z,สามารถเป็นสมาชิกพรรคได้ แต่ต้องเว้นวรรคจากการดำรงตำแหน่งทางการเมืองมาไม่น้อยกว่า 5 ปี,30iUR5Bs1u2g842KdF3y,2025-07-02T10:20:23.720Z,C158,weOxKzgOdsLZJOluVk6b
vR94Jx6F4OMHYFochFee,เห็นด้วย,2025-09-12T03:41:11.258Z,2025-09-12T03:41:11.258Z,ต้องจำกัดการใช้อำนาจไม่ให้นำไปใช้เพื่อประโยชน์ส่วนตน,1eNG3cExFvLzW5leCHWP,2025-09-12T03:41:11.258Z,,
vRNu5EXRx7fzovTDEz98,เห็นด้วย,2025-07-02T10:20:23.720Z,2025-07-02T10:20:23.720Z,เครื่องมือที่สร้างต้องรวมจาก 3 sectors ได้แก่ public / private / CSOs,rcKMnMwfcNJBA0vTq9K2,2025-07-02T10:20:23.720Z,C270,
vU7qw8lquwZal9moNWGi,เห็นด้วย,2025-07-02T10:20:23.720Z,2025-07-02T10:20:23.720Z,ผู้สมัครต้องมี political project ที่ชัด ระหว่างระบบบัญชีรายชื่อ (ประเด็น) และระบบพื้นที่ (เพื่อให้เห็นผู้แทน) เพื่อเพิ่มอำนาจในการควบคุม กำกับ ให้ประชาชน,AaA3IdPpPRmGriTmLm26,2025-07-02T10:20:23.720Z,C43,
vaic38s6ugUhKqtl2Y1l,เห็นด้วย,2025-07-02T10:20:23.720Z,2025-07-02T10:20:23.720Z,สามารถมีการรวมกลุ่มในลักษณะ party list ได้ (แบบทำ political project),AaA3IdPpPRmGriTmLm26,2025-07-02T10:20:23.720Z,C44,
vgWIniH6w5nfhrkEyuDT,เห็นด้วย,2025-09-05T10:32:42.740Z,2025-09-05T10:32:42.740Z,ผู้พิการควรจะได้รับสิทธิเหมือนคนทั่วไป โดยอาจมีรัฐเข้ามาบังคับใช้กฎการไม่เลือกปฎิบัติต่อผู้พิการ,t6hibvHASB7ImBStKhrw,2025-09-05T10:32:42.740Z,,9Wg8NXHSoow7w8tIkGoK
vl5ZMQtd9s7cs70Ro3hB,เห็นด้วย,2025-09-09T11:22:14.054Z,2025-09-09T11:22:14.054Z,ให้ 3 Sectors ยกร่าง ประเด็นปัญหาของตัวเองขึ้นมา อันไหนที่รวมกันได้รวมกันไปเลย แต่อันไหนค้านกันให้มาถกเถียงกัน,hHM0HVjqwKVeG9AWTAZF,2025-09-09T11:22:14.054Z,,
w5vpYcKy6z7rwTuxW9E1,เห็นด้วยบางส่วน,2025-07-02T10:20:23.720Z,2025-07-02T10:20:23.720Z,อาจเป็นการเลือกตั้งที่มีการกำหนดโควต้าให้ชนกลุ่มน้อย คนชายขอบ,F4KhD4lOYoeldMS4hYnG,2025-07-02T10:20:23.720Z,C30,
wGalOBkwGLlBusRvBDvh,เห็นด้วย,2025-07-02T10:20:23.720Z,2025-07-02T10:20:23.720Z,เพื่อให้เกิดการแข่งขันและมีการพูดถึงนโยบายของตัวเอง กระตุ้นคนในจังหวัดที่เห็นภาพรวม,tB7DEtiqE3Wvd4N16LQd,2025-07-02T10:20:23.720Z,C225,sYlguleSdRLFKo93gC25
wIKwF5yPD0T8XKqrVyMt,เห็นด้วยบางส่วน,2025-07-02T10:20:23.720Z,2025-07-02T10:20:23.720Z,แต่ต้องเป็นผู้เชี่ยวชาญในด้านนั้น ๆ และได้รับการยอมรับจากกลุ่มอาชีพนั้น,8vddQeCXJp9iuCwsqe7l,2025-07-02T10:20:23.720Z,C216,
wJbDB5nkNkfM8TUfEBHs,เห็นด้วย,2025-07-02T10:20:23.720Z,2025-07-02T10:20:23.720Z,ต้องมีการเปิดเผยข้อมูลการถกเถียงประเด็นการร่างกฎหมาย ของแต่ละฝ่าย,C88gOdn5c8qXMV5MJ2h0,2025-07-02T10:20:23.720Z,C46,
weOxKzgOdsLZJOluVk6b,ไม่เห็นด้วย,2025-07-02T10:20:23.720Z,2025-07-02T10:20:23.720Z,ผู้สมัคร สสร. จำเป็นต้องแยกขาดจากพรรคการเมือง เพื่อให้สะท้อนความเป็นอิสระ,30iUR5Bs1u2g842KdF3y,2025-07-02T10:20:23.720Z,C147,
wizwLoMxkYSFyGm5sv4N,เห็นด้วย,2025-07-02T10:20:23.720Z,2025-07-02T10:20:23.720Z,ต้องมีสื่อในการติดตามคณะ สสร. เพื่อติดตามทุกกระบวนการ,C88gOdn5c8qXMV5MJ2h0,2025-07-02T10:20:23.720Z,C47,
wok8R66o4Or8YIc0hLCs,เห็นด้วย,2025-09-09T10:53:00.185Z,2025-09-09T10:53:00.185Z,ทางเรือนจำต้องจัดให้ “โต๊ะคดี” มีการจัดอบรมหรืออัปเดตข้อมูลด้านขั้นตอน กระบวนการ และสิทธิทางกฎหมายให้เป็นปัจจุบัน,YyfjnhJ84S5XvwMrBu0N,2025-09-09T10:53:00.185Z,,
wsOABMt1spc5ZGSmsFbH,เห็นด้วย,2025-07-02T10:20:23.720Z,2025-07-02T10:20:23.720Z,สัดส่วน 90% มาจาก Partylist สัดส่วน 10% ที่ได้รับการรับรองจากฝ่ายนิติบัญญัติ และได้รับการรับรองจากฝ่ายค้าน,2rIAoKtf0uRsbMDTZ6kE,2025-07-02T10:20:23.720Z,C40,
wtAfMbABLh95zYgtw3dq,เห็นด้วยบางส่วน,2025-07-02T10:20:23.720Z,2025-07-02T10:20:23.720Z,อาจจะมีการแบ่งสัดส่วนระหว่างคนเขียนกฎหมาย กับ ตัวแทนของประชาชน,Qq1TpRiXFWMxooMqijVt,2025-07-02T10:20:23.720Z,C327,
xIlor2lFKdyHAGXjuG3F,ไม่เห็นด้วย,2025-07-02T10:20:23.720Z,2025-07-02T10:20:23.720Z,nationalist อาจจะทำให้อำนาจตกอยู่กับใครกลุ่มใดกลุ่มหนึ่งมากเกินไป,PPDctBeP0CJft1MFeAC8,2025-07-02T10:20:23.720Z,C126,
xQGBiIqQShbgAKYmIfL1,เห็นด้วย,2026-02-27T10:47:00.845Z,2026-02-27T10:47:00.845Z,รัฐธรรมนูญต้องเอื้อประโยชน์ต่อทุกกลุ่ม: เป็นเครื่องมือที่รับรองสิทธิและส่งเสริมคุณภาพชีวิตให้กับผู้คนทุกกลุ่ม ในสังคม,V8mRVC0MDmkQBgs9erqT,2026-02-27T10:47:00.845Z,,
xZTydpKRr1zHuCSF7xjL,ไม่เห็นด้วย,2025-07-02T10:20:23.720Z,2025-07-02T10:20:23.720Z,แม้จะแบ่งเท่าแต่อำนาจก็ไม่เท่า คิดว่าควรให้ประชาชนมากกว่า,hHM0HVjqwKVeG9AWTAZF,2025-07-02T10:20:23.720Z,C281,
xbq4549iH1m2Mn08ppgY,เห็นด้วย,2025-07-02T10:20:23.720Z,2025-07-02T10:20:23.720Z,ทำให้ประชาชนเรียนรู้และเข้าใจรัฐธรรมนูญ ไม่ใช่การยัดเยียดให้เรารู้,qq5SykirmTIWsbbBDARc,2025-07-02T10:20:23.720Z,C289,
xlwehwxBeFcGxoBhdf53,เห็นด้วย,2026-02-27T10:50:35.908Z,2026-02-27T10:50:35.908Z,เพื่อให้เกิดความมั่นใจในหลักนิติธรรมที่ใช้เป็นกฎเกณฑ์พื้นฐานของประเทศ,IjZMXmGBxDDaJKh5DyOZ,2026-02-27T10:50:35.908Z,,Mb2HIQw7XxHfHP6RVjPM
xoTtXAAGj4JVFzruWLlB,เห็นด้วย,2025-06-11T07:00:23.774Z,2025-06-11T07:00:23.774Z,ควรได้เข้าถึงสถานพยาบาลใกล้บ้าน และสิทธิรักษาควรครอบคลุมสิทธิรักษาพยาบาลฟรี และสิทธิรักษาฟันฟรี,ri7VMl85rYWRQ5NzpcgE,2025-06-11T06:58:33.843Z,,
xoqKE15MztC5mOQEKvUr,เห็นด้วย,2025-07-02T10:20:23.720Z,2025-07-02T10:20:23.720Z,เด็กและเยาวชนอีกหลายคนยังไม่มีโอกาสเข้าถึงการศึกษา,wODKVw70M0C8blVDMpfL,2025-07-02T10:20:23.720Z,C343,
xt3uKgdQwhIxFY5RJ6Az,เห็นด้วย,2025-07-02T10:20:23.720Z,2025-07-02T10:20:23.720Z,ผู้เลือกต้องรู้ว่าคนที่เราเลือกเป็นใคร จะทำอะไร,30iUR5Bs1u2g842KdF3y,2025-07-02T10:20:23.720Z,C146,UcxHvSdUTdYgsAZWOnW2
y8cBRQDyB6cfvITbENQG,เห็นด้วย,2025-07-02T10:20:23.720Z,2025-07-02T10:20:23.720Z,สสร. ต้องมีความอิสระและไม่ถูกควบคุม,4CGZkWkBlX9VNSkBJEGI,2025-07-02T10:20:23.720Z,C243,
ykgFSLJiZZMo0ZNGF98c,เห็นด้วย,2025-07-02T10:20:23.720Z,2025-07-02T10:20:23.720Z,เลือกตามอาชีพ จะได้ทั้งอาชีพและชนชั้น เพื่อเป็นตัวสะท้อนผลประโยชน์ของกลุ่มตัวเอง และเสนอสิ่งที่เป็นประโยชน์กับกลุ่มตัวเองเข้าไปในกระบวนการ,4CGZkWkBlX9VNSkBJEGI,2025-07-02T10:20:23.720Z,C245,
ykhoUAK3Pj5NPgnW0TGE,ไม่เห็นด้วย,2025-07-02T10:20:23.720Z,2025-07-02T10:20:23.720Z,คิดว่าการจัดปาร์ตี้ลิสต์มาเลย จะทำให้เห็นภาพรวมในการวางทิศทางรัฐธรรมนูญมากกว่า,U3yJP2gjVAZV5h2JzNxY,2025-07-02T10:20:23.720Z,C54,
ym2d6obXkiAmmjEbuCb3,เห็นด้วย,2025-11-27T08:41:17.949Z,2025-11-27T08:41:17.949Z,อยากให้มีคนมาทำหน้าที่โต๊ะคดีอย่างเป็นกิจจะลักษณะ,YyfjnhJ84S5XvwMrBu0N,2025-11-27T08:41:17.949Z,,
yowSp67yKuzzHNKLvuN2,เห็นด้วย,2025-07-02T10:20:23.720Z,2025-07-02T10:20:23.720Z,แจ้งเตือนประเด็นความคืบหน้าในการร่างรัฐธรรมนูญและประกาศไปทุกช่องทาง,peEZ4F0cByDfdVv4Mh5R,2025-07-02T10:20:23.720Z,C301,
ys8Vz35kdy8GESvDtWMh,เห็นด้วย,2025-07-02T10:20:23.720Z,2025-07-02T10:20:23.720Z,ค่อย ๆ เริ่มทำ ให้เห็นว่ารธน.ส่งผลกับประชาชนอย่างไร จึงทำให้แก้ไขทั้งฉบับได้,gVOKNIr5SqGSYt4UQGwz,2025-07-02T10:20:23.720Z,C294,
ywMCJFIT7PyYezWp9Ad7,เห็นด้วย,2025-07-02T10:20:23.720Z,2025-07-02T10:20:23.720Z,ต้องเอางานวิจัย หรือหลักการสากลเข้ามาด้วย,04igkOa0KDKz9yfJogEo,2025-07-02T10:20:23.720Z,C72,
z2KrODAny0AFg3KmKBhH,ไม่เห็นด้วย,2025-07-02T10:20:23.720Z,2025-07-02T10:20:23.720Z,คนในกลุ่มการเมืองมีความเป็น active citizen และมีความคิดที่อยากจะนำเสนอและพัฒนา และคนกลุ่มนี้เป็นคนที่จะใช้รัฐธรรมนูญเหล่านี้,V0dkfSPE4GP6d5lpNaHz,2025-07-02T10:20:23.720Z,C21,
zO83T3z4pdGQq1WZFwum,เห็นด้วย,2025-07-02T10:20:23.720Z,2025-07-02T10:20:23.720Z,ในโลกความเป็นจริงไม่มีความเป็นกลางทางการเมืองอยู่แล้ว,VWv2kzIsYMLNk5oxEMFe,2025-07-02T10:20:23.720Z,C167,
zWniKEnL0von3E6fGvuO,เห็นด้วย,2025-07-02T10:20:23.720Z,2025-07-02T10:20:23.720Z,เพราะเป็นคนร่าง รู้เจตนารมณ์ของรัฐธรรมนูญ,KnLQ88WRrt7g9gfxdAr1,2025-07-02T10:20:23.720Z,C329,
zkj1JhSvQ5Vi0sfHS6ku,เห็นด้วยบางส่วน,2025-07-02T10:20:23.720Z,2025-07-02T10:20:23.720Z,ยังไม่มั่นใจว่า ถ้าเอาผลการลงมติเข้าระบบคอมพิวเตอร์หมด จะไว้ใจได้ และตรวจสอบได้อย่างไร,ZDsDi5uzFybyTHDyg7Sh,2025-07-02T10:20:23.720Z,C95,
zxhpNMPKlP69hrkoRI3q,เห็นด้วย,2025-07-02T10:20:23.720Z,2025-07-02T10:20:23.720Z,การแบ่งเขตควรแบ่งเป็นภาค (ไม่ต้องถึงเขตเลือกตั้ง) แล้วกำหนดสัดส่วนผลลัพธ์ (จำนวน สสร.) ตามจำนวนประชากร,U3yJP2gjVAZV5h2JzNxY,2025-07-02T10:20:23.720Z,C52,
