topic_id,event_id
04igkOa0KDKz9yfJogEo,FLuzAE5dm4qazOoE4QaF
04igkOa0KDKz9yfJogEo,OiKFo7nNy4gsLARMI6zP
04igkOa0KDKz9yfJogEo,wIKPzNydyOA8KbRKHE5a
0Fei5MccG3Tftzfh9Uoo,ZeztgNNzU3DbAZNdVQbt
0Fei5MccG3Tftzfh9Uoo,HTmIYhVrz22i3PjxdS0h
0vomrDzX8pjCYnoNBiuo,OiKFo7nNy4gsLARMI6zP
0vomrDzX8pjCYnoNBiuo,Ri7THJYVq8VeyDjrJZS8
1eNG3cExFvLzW5leCHWP,wIKPzNydyOA8KbRKHE5a
1eNG3cExFvLzW5leCHWP,ah0Io8qTy2I6RjsTHTeS
1eNG3cExFvLzW5leCHWP,zDLn38DfCkx1JTQfW7bl
1nja4ZhMvSVsjlVvtx9r,FLuzAE5dm4qazOoE4QaF
1nja4ZhMvSVsjlVvtx9r,ah0Io8qTy2I6RjsTHTeS
1nja4ZhMvSVsjlVvtx9r,OiKFo7nNy4gsLARMI6zP
1nja4ZhMvSVsjlVvtx9r,ZeztgNNzU3DbAZNdVQbt
1qjh6KRYbAEPsKG8NUDI,OiKFo7nNy4gsLARMI6zP
1qjh6KRYbAEPsKG8NUDI,wIKPzNydyOA8KbRKHE5a
1qjh6KRYbAEPsKG8NUDI,HTmIYhVrz22i3PjxdS0h
1qjh6KRYbAEPsKG8NUDI,XtVckzGBhhXrczpk2wBW
2StYx1m4eIDCGmr7yEBp,Ri7THJYVq8VeyDjrJZS8
2StYx1m4eIDCGmr7yEBp,HTmIYhVrz22i3PjxdS0h
2StYx1m4eIDCGmr7yEBp,FLuzAE5dm4qazOoE4QaF
2StYx1m4eIDCGmr7yEBp,ah0Io8qTy2I6RjsTHTeS
2rIAoKtf0uRsbMDTZ6kE,FLuzAE5dm4qazOoE4QaF
2rIAoKtf0uRsbMDTZ6kE,wIKPzNydyOA8KbRKHE5a
2rkY2deHi8JWXeTwRzzX,OiKFo7nNy4gsLARMI6zP
2rkY2deHi8JWXeTwRzzX,vXyzxEkaeEFoAcKQEeia
30iUR5Bs1u2g842KdF3y,FLuzAE5dm4qazOoE4QaF
30iUR5Bs1u2g842KdF3y,ah0Io8qTy2I6RjsTHTeS
4CGZkWkBlX9VNSkBJEGI,FLuzAE5dm4qazOoE4QaF
4CGZkWkBlX9VNSkBJEGI,7RlnzfjxyxYTH0ajcVQK
4CGZkWkBlX9VNSkBJEGI,Ri7THJYVq8VeyDjrJZS8
4FVZ0ewHQ4KGRiPBoGm1,FLuzAE5dm4qazOoE4QaF
4FVZ0ewHQ4KGRiPBoGm1,ZeztgNNzU3DbAZNdVQbt
4aNRcEnl4h9Kz5pxa6ff,FLuzAE5dm4qazOoE4QaF
4aNRcEnl4h9Kz5pxa6ff,vXyzxEkaeEFoAcKQEeia
4aNRcEnl4h9Kz5pxa6ff,AkUH6sty9Lv2WuTTXRD9
4i14t622N6uaKqAPYfKD,OiKFo7nNy4gsLARMI6zP
4i14t622N6uaKqAPYfKD,HTmIYhVrz22i3PjxdS0h
4i14t622N6uaKqAPYfKD,wIKPzNydyOA8KbRKHE5a
4i14t622N6uaKqAPYfKD,ah0Io8qTy2I6RjsTHTeS
4kDXCQeLCddQptKyOLX0,wIKPzNydyOA8KbRKHE5a
4kDXCQeLCddQptKyOLX0,FLuzAE5dm4qazOoE4QaF
4kDXCQeLCddQptKyOLX0,HTmIYhVrz22i3PjxdS0h
53UEd7GeI48aWUYhrgWZ,OiKFo7nNy4gsLARMI6zP
53UEd7GeI48aWUYhrgWZ,ah0Io8qTy2I6RjsTHTeS
59G9i7h4GZtz0ScSAn0C,FLuzAE5dm4qazOoE4QaF
59G9i7h4GZtz0ScSAn0C,vXyzxEkaeEFoAcKQEeia
5YG7dKCSMALs9DqbO2ox,OiKFo7nNy4gsLARMI6zP
5YG7dKCSMALs9DqbO2ox,7RlnzfjxyxYTH0ajcVQK
5rWaEjqgvDdjO8xjUyME,FLuzAE5dm4qazOoE4QaF
5rWaEjqgvDdjO8xjUyME,HTmIYhVrz22i3PjxdS0h
7MvMhsMTnlaGMGsDV1vu,Ri7THJYVq8VeyDjrJZS8
7MvMhsMTnlaGMGsDV1vu,ZeztgNNzU3DbAZNdVQbt
7MvMhsMTnlaGMGsDV1vu,AkUH6sty9Lv2WuTTXRD9
7MvMhsMTnlaGMGsDV1vu,zDLn38DfCkx1JTQfW7bl
7Wc7kBwm6cM0c2MxyCTL,Ri7THJYVq8VeyDjrJZS8
7Wc7kBwm6cM0c2MxyCTL,FLuzAE5dm4qazOoE4QaF
7nEY2QHVKCI2Ljwoyyno,zDLn38DfCkx1JTQfW7bl
7nEY2QHVKCI2Ljwoyyno,7RlnzfjxyxYTH0ajcVQK
7nEY2QHVKCI2Ljwoyyno,XtVckzGBhhXrczpk2wBW
7nEY2QHVKCI2Ljwoyyno,Ri7THJYVq8VeyDjrJZS8
7xGInlChiHbtmWOyxXXd,wIKPzNydyOA8KbRKHE5a
7xGInlChiHbtmWOyxXXd,XtVckzGBhhXrczpk2wBW
7xGInlChiHbtmWOyxXXd,HTmIYhVrz22i3PjxdS0h
7xGInlChiHbtmWOyxXXd,7RlnzfjxyxYTH0ajcVQK
8WtlnkWM0PlR19PBZTR8,FLuzAE5dm4qazOoE4QaF
8WtlnkWM0PlR19PBZTR8,ah0Io8qTy2I6RjsTHTeS
8vddQeCXJp9iuCwsqe7l,FLuzAE5dm4qazOoE4QaF
8vddQeCXJp9iuCwsqe7l,ZeztgNNzU3DbAZNdVQbt
8vddQeCXJp9iuCwsqe7l,HTmIYhVrz22i3PjxdS0h
8vddQeCXJp9iuCwsqe7l,XtVckzGBhhXrczpk2wBW
9InDlkI5HWtLSzJoExBd,ah0Io8qTy2I6RjsTHTeS
9InDlkI5HWtLSzJoExBd,7RlnzfjxyxYTH0ajcVQK
9InDlkI5HWtLSzJoExBd,FLuzAE5dm4qazOoE4QaF
9dCsKpEzmEmPYBkmYQOb,wIKPzNydyOA8KbRKHE5a
9dCsKpEzmEmPYBkmYQOb,vXyzxEkaeEFoAcKQEeia
9dCsKpEzmEmPYBkmYQOb,FLuzAE5dm4qazOoE4QaF
9dCsKpEzmEmPYBkmYQOb,XtVckzGBhhXrczpk2wBW
9g2CwbGiTaU7qQ0PH76a,wIKPzNydyOA8KbRKHE5a
9g2CwbGiTaU7qQ0PH76a,AkUH6sty9Lv2WuTTXRD9
A1zhD0A2zDnFjPYoxHqz,OiKFo7nNy4gsLARMI6zP
A1zhD0A2zDnFjPYoxHqz,FLuzAE5dm4qazOoE4QaF
A1zhD0A2zDnFjPYoxHqz,zDLn38DfCkx1JTQfW7bl
AMhL4FYyP54kMEyMU18G,OiKFo7nNy4gsLARMI6zP
AMhL4FYyP54kMEyMU18G,HTmIYhVrz22i3PjxdS0h
AaA3IdPpPRmGriTmLm26,FLuzAE5dm4qazOoE4QaF
AaA3IdPpPRmGriTmLm26,ah0Io8qTy2I6RjsTHTeS
AaA3IdPpPRmGriTmLm26,OiKFo7nNy4gsLARMI6zP
AbNTr8HqvnxhAIxe6Iw6,FLuzAE5dm4qazOoE4QaF
AbNTr8HqvnxhAIxe6Iw6,XtVckzGBhhXrczpk2wBW
BT8x8rmFStJjIMvPB10J,HTmIYhVrz22i3PjxdS0h
BT8x8rmFStJjIMvPB10J,AkUH6sty9Lv2WuTTXRD9
BT8x8rmFStJjIMvPB10J,vXyzxEkaeEFoAcKQEeia
BT8x8rmFStJjIMvPB10J,Ri7THJYVq8VeyDjrJZS8
C88gOdn5c8qXMV5MJ2h0,FLuzAE5dm4qazOoE4QaF
C88gOdn5c8qXMV5MJ2h0,7RlnzfjxyxYTH0ajcVQK
C88gOdn5c8qXMV5MJ2h0,XtVckzGBhhXrczpk2wBW
C88gOdn5c8qXMV5MJ2h0,OiKFo7nNy4gsLARMI6zP
CrOJFiVLJKlxb130FB4r,OiKFo7nNy4gsLARMI6zP
CrOJFiVLJKlxb130FB4r,XtVckzGBhhXrczpk2wBW
CrOJFiVLJKlxb130FB4r,ZeztgNNzU3DbAZNdVQbt
DQeO2c4HGwT5KEdiOMbY,ZeztgNNzU3DbAZNdVQbt
DQeO2c4HGwT5KEdiOMbY,Ri7THJYVq8VeyDjrJZS8
DQeO2c4HGwT5KEdiOMbY,vXyzxEkaeEFoAcKQEeia
DfJOY3sgMDlsp1Zdq9uU,Ri7THJYVq8VeyDjrJZS8
DfJOY3sgMDlsp1Zdq9uU,7RlnzfjxyxYTH0ajcVQK
E8YzlcAsoGf8ysfgHcWa,wIKPzNydyOA8KbRKHE5a
E8YzlcAsoGf8ysfgHcWa,XtVckzGBhhXrczpk2wBW
E8YzlcAsoGf8ysfgHcWa,ZeztgNNzU3DbAZNdVQbt
E8YzlcAsoGf8ysfgHcWa,HTmIYhVrz22i3PjxdS0h
EEcR0NvCxjwK7PH9cKjT,OiKFo7nNy4gsLARMI6zP
EEcR0NvCxjwK7PH9cKjT,HTmIYhVrz22i3PjxdS0h
EEcR0NvCxjwK7PH9cKjT,Ri7THJYVq8VeyDjrJZS8
EEcR0NvCxjwK7PH9cKjT,AkUH6sty9Lv2WuTTXRD9
ENbNmkn2KZh24qMQ3APu,FLuzAE5dm4qazOoE4QaF
ENbNmkn2KZh24qMQ3APu,XtVckzGBhhXrczpk2wBW
ENbNmkn2KZh24qMQ3APu,OiKFo7nNy4gsLARMI6zP
ENbNmkn2KZh24qMQ3APu,wIKPzNydyOA8KbRKHE5a
EjCnAXDaaJuBQLhHI42W,FLuzAE5dm4qazOoE4QaF
EjCnAXDaaJuBQLhHI42W,ah0Io8qTy2I6RjsTHTeS
EjCnAXDaaJuBQLhHI42W,AkUH6sty9Lv2WuTTXRD9
F4KhD4lOYoeldMS4hYnG,FLuzAE5dm4qazOoE4QaF
F4KhD4lOYoeldMS4hYnG,Ri7THJYVq8VeyDjrJZS8
F4KhD4lOYoeldMS4hYnG,AkUH6sty9Lv2WuTTXRD9
F7usd2BUTX3k0p2kDtwI,FLuzAE5dm4qazOoE4QaF
F7usd2BUTX3k0p2kDtwI,zDLn38DfCkx1JTQfW7bl
F7usd2BUTX3k0p2kDtwI,XtVckzGBhhXrczpk2wBW
FTlX1sG1A34X6v4SF2KR,FLuzAE5dm4qazOoE4QaF
FTlX1sG1A34X6v4SF2KR,HTmIYhVrz22i3PjxdS0h
FTlX1sG1A34X6v4SF2KR,Ri7THJYVq8VeyDjrJZS8
FTlX1sG1A34X6v4SF2KR,ZeztgNNzU3DbAZNdVQbt
G8LaoiZ5UGGP9Da7Fyz5,FLuzAE5dm4qazOoE4QaF
G8LaoiZ5UGGP9Da7Fyz5,zDLn38DfCkx1JTQfW7bl
G8LaoiZ5UGGP9Da7Fyz5,wIKPzNydyOA8KbRKHE5a
GBq5BwwKMbbVQc6Y89rE,7RlnzfjxyxYTH0ajcVQK
GBq5BwwKMbbVQc6Y89rE,ZeztgNNzU3DbAZNdVQbt
GBq5BwwKMbbVQc6Y89rE,wIKPzNydyOA8KbRKHE5a
GWGd5rdE1uMxAeIT6o9n,Ri7THJYVq8VeyDjrJZS8
GWGd5rdE1uMxAeIT6o9n,ah0Io8qTy2I6RjsTHTeS
GWGd5rdE1uMxAeIT6o9n,HTmIYhVrz22i3PjxdS0h
GWGd5rdE1uMxAeIT6o9n,ZeztgNNzU3DbAZNdVQbt
GaxoVIINVkWmZ2zMW0Ai,wIKPzNydyOA8KbRKHE5a
GaxoVIINVkWmZ2zMW0Ai,Ri7THJYVq8VeyDjrJZS8
GnCjAaUbc2WzgFdhlV2q,wIKPzNydyOA8KbRKHE5a
GnCjAaUbc2WzgFdhlV2q,Ri7THJYVq8VeyDjrJZS8
GnCjAaUbc2WzgFdhlV2q,OiKFo7nNy4gsLARMI6zP
GnCjAaUbc2WzgFdhlV2q,HTmIYhVrz22i3PjxdS0h
HFZPo4OzbhEno0bLvM7e,zDLn38DfCkx1JTQfW7bl
HFZPo4OzbhEno0bLvM7e,FLuzAE5dm4qazOoE4QaF
HFZPo4OzbhEno0bLvM7e,OiKFo7nNy4gsLARMI6zP
HFZPo4OzbhEno0bLvM7e,XtVckzGBhhXrczpk2wBW
HK63bfvXv3plsVJm1Q7U,zDLn38DfCkx1JTQfW7bl
HK63bfvXv3plsVJm1Q7U,HTmIYhVrz22i3PjxdS0h
HK63bfvXv3plsVJm1Q7U,XtVckzGBhhXrczpk2wBW
HK63bfvXv3plsVJm1Q7U,Ri7THJYVq8VeyDjrJZS8
HTDgBRXcKY29K1Jdey0W,wIKPzNydyOA8KbRKHE5a
HTDgBRXcKY29K1Jdey0W,7RlnzfjxyxYTH0ajcVQK
HTDgBRXcKY29K1Jdey0W,AkUH6sty9Lv2WuTTXRD9
HVq2A7jVeLEtRGQrP1Py,AkUH6sty9Lv2WuTTXRD9
HVq2A7jVeLEtRGQrP1Py,OiKFo7nNy4gsLARMI6zP
HVq2A7jVeLEtRGQrP1Py,7RlnzfjxyxYTH0ajcVQK
HVq2A7jVeLEtRGQrP1Py,vXyzxEkaeEFoAcKQEeia
HtKMPnTUQEvqMVAZRO7x,zDLn38DfCkx1JTQfW7bl
HtKMPnTUQEvqMVAZRO7x,FLuzAE5dm4qazOoE4QaF
HtKMPnTUQEvqMVAZRO7x,ah0Io8qTy2I6RjsTHTeS
HtKMPnTUQEvqMVAZRO7x,ZeztgNNzU3DbAZNdVQbt
IQCwYQpN6dyrQDca9UWs,OiKFo7nNy4gsLARMI6zP
IQCwYQpN6dyrQDca9UWs,ZeztgNNzU3DbAZNdVQbt
IQCwYQpN6dyrQDca9UWs,ah0Io8qTy2I6RjsTHTeS
IjZMXmGBxDDaJKh5DyOZ,Ri7THJYVq8VeyDjrJZS8
IjZMXmGBxDDaJKh5DyOZ,zDLn38DfCkx1JTQfW7bl
IjZMXmGBxDDaJKh5DyOZ,wIKPzNydyOA8KbRKHE5a
IjZMXmGBxDDaJKh5DyOZ,OiKFo7nNy4gsLARMI6zP
J6vFHMcHA7KE6NsdIaEN,ZeztgNNzU3DbAZNdVQbt
J6vFHMcHA7KE6NsdIaEN,7RlnzfjxyxYTH0ajcVQK
J6vFHMcHA7KE6NsdIaEN,AkUH6sty9Lv2WuTTXRD9
J6vFHMcHA7KE6NsdIaEN,OiKFo7nNy4gsLARMI6zP
JkA5Nu2tkiSGYSkuc9XK,ZeztgNNzU3DbAZNdVQbt
JkA5Nu2tkiSGYSkuc9XK,7RlnzfjxyxYTH0ajcVQK
JkA5Nu2tkiSGYSkuc9XK,zDLn38DfCkx1JTQfW7bl
JkA5Nu2tkiSGYSkuc9XK,XtVckzGBhhXrczpk2wBW
JkV4OtnlhvCzKVDYLx7h,FLuzAE5dm4qazOoE4QaF
JkV4OtnlhvCzKVDYLx7h,vXyzxEkaeEFoAcKQEeia
JkV4OtnlhvCzKVDYLx7h,wIKPzNydyOA8KbRKHE5a
JrrSMrVIPnXKGeNiUZIJ,FLuzAE5dm4qazOoE4QaF
JrrSMrVIPnXKGeNiUZIJ,OiKFo7nNy4gsLARMI6zP
JrrSMrVIPnXKGeNiUZIJ,AkUH6sty9Lv2WuTTXRD9
KGlNY6Z1v9IK1r2wc172,AkUH6sty9Lv2WuTTXRD9
KGlNY6Z1v9IK1r2wc172,HTmIYhVrz22i3PjxdS0h
KGlNY6Z1v9IK1r2wc172,Ri7THJYVq8VeyDjrJZS8
KQU7CiheSFOtWiVDVBxL,wIKPzNydyOA8KbRKHE5a
KQU7CiheSFOtWiVDVBxL,FLuzAE5dm4qazOoE4QaF
KQU7CiheSFOtWiVDVBxL,zDLn38DfCkx1JTQfW7bl
KT4M6sabcRzo7DQ2UYlK,OiKFo7nNy4gsLARMI6zP
KT4M6sabcRzo7DQ2UYlK,ZeztgNNzU3DbAZNdVQbt
KT4M6sabcRzo7DQ2UYlK,zDLn38DfCkx1JTQfW7bl
KT4M6sabcRzo7DQ2UYlK,vXyzxEkaeEFoAcKQEeia
KnLQ88WRrt7g9gfxdAr1,FLuzAE5dm4qazOoE4QaF
KnLQ88WRrt7g9gfxdAr1,XtVckzGBhhXrczpk2wBW
KxylHYyk2a6LnAUMKuCA,FLuzAE5dm4qazOoE4QaF
KxylHYyk2a6LnAUMKuCA,Ri7THJYVq8VeyDjrJZS8
L7vAtfnZK03nF2zDvcvf,FLuzAE5dm4qazOoE4QaF
L7vAtfnZK03nF2zDvcvf,ZeztgNNzU3DbAZNdVQbt
L7vAtfnZK03nF2zDvcvf,HTmIYhVrz22i3PjxdS0h
L7vAtfnZK03nF2zDvcvf,ah0Io8qTy2I6RjsTHTeS
LKXzmA9tyTknWrjuwsup,FLuzAE5dm4qazOoE4QaF
LKXzmA9tyTknWrjuwsup,ah0Io8qTy2I6RjsTHTeS
LKXzmA9tyTknWrjuwsup,HTmIYhVrz22i3PjxdS0h
LKXzmA9tyTknWrjuwsup,AkUH6sty9Lv2WuTTXRD9
LXAf0kXAKcDM101rNBdJ,OiKFo7nNy4gsLARMI6zP
LXAf0kXAKcDM101rNBdJ,ah0Io8qTy2I6RjsTHTeS
MJnDFwit09hLwa9T869f,FLuzAE5dm4qazOoE4QaF
MJnDFwit09hLwa9T869f,AkUH6sty9Lv2WuTTXRD9
MS7pv54zrhUr3FL3rmJu,wIKPzNydyOA8KbRKHE5a
MS7pv54zrhUr3FL3rmJu,AkUH6sty9Lv2WuTTXRD9
MS7pv54zrhUr3FL3rmJu,Ri7THJYVq8VeyDjrJZS8
NKpuHPFOMLsCgTwgcHX9,OiKFo7nNy4gsLARMI6zP
NKpuHPFOMLsCgTwgcHX9,7RlnzfjxyxYTH0ajcVQK
NKpuHPFOMLsCgTwgcHX9,wIKPzNydyOA8KbRKHE5a
NKpuHPFOMLsCgTwgcHX9,vXyzxEkaeEFoAcKQEeia
NgqW0WIpOqn6lgiInybe,7RlnzfjxyxYTH0ajcVQK
NgqW0WIpOqn6lgiInybe,AkUH6sty9Lv2WuTTXRD9
NgqW0WIpOqn6lgiInybe,wIKPzNydyOA8KbRKHE5a
NgqW0WIpOqn6lgiInybe,XtVckzGBhhXrczpk2wBW
NhxEw2QAIrvfKtWj3jWw,OiKFo7nNy4gsLARMI6zP
NhxEw2QAIrvfKtWj3jWw,FLuzAE5dm4qazOoE4QaF
NhxEw2QAIrvfKtWj3jWw,zDLn38DfCkx1JTQfW7bl
NvzFEfaG6ZVZOzCL6oZi,wIKPzNydyOA8KbRKHE5a
NvzFEfaG6ZVZOzCL6oZi,XtVckzGBhhXrczpk2wBW
PPDctBeP0CJft1MFeAC8,FLuzAE5dm4qazOoE4QaF
PPDctBeP0CJft1MFeAC8,XtVckzGBhhXrczpk2wBW
Pl9XOn5DOwkr51BNH2hh,FLuzAE5dm4qazOoE4QaF
Pl9XOn5DOwkr51BNH2hh,vXyzxEkaeEFoAcKQEeia
PoUrwgMfuXEibcipRMM4,FLuzAE5dm4qazOoE4QaF
PoUrwgMfuXEibcipRMM4,ah0Io8qTy2I6RjsTHTeS
QIx0bqPEjthH7vViEhlP,zDLn38DfCkx1JTQfW7bl
QIx0bqPEjthH7vViEhlP,XtVckzGBhhXrczpk2wBW
QIx0bqPEjthH7vViEhlP,HTmIYhVrz22i3PjxdS0h
QIx0bqPEjthH7vViEhlP,vXyzxEkaeEFoAcKQEeia
QdwkFxZGRJlXljzJBtz9,OiKFo7nNy4gsLARMI6zP
QdwkFxZGRJlXljzJBtz9,FLuzAE5dm4qazOoE4QaF
QdwkFxZGRJlXljzJBtz9,Ri7THJYVq8VeyDjrJZS8
QlyL9rV0Ups7Teg50p7C,Ri7THJYVq8VeyDjrJZS8
QlyL9rV0Ups7Teg50p7C,XtVckzGBhhXrczpk2wBW
QlyL9rV0Ups7Teg50p7C,AkUH6sty9Lv2WuTTXRD9
QlyL9rV0Ups7Teg50p7C,vXyzxEkaeEFoAcKQEeia
QnMEfvJp90FiAYeNtnXb,Ri7THJYVq8VeyDjrJZS8
QnMEfvJp90FiAYeNtnXb,FLuzAE5dm4qazOoE4QaF
QnMEfvJp90FiAYeNtnXb,XtVckzGBhhXrczpk2wBW
QnMEfvJp90FiAYeNtnXb,vXyzxEkaeEFoAcKQEeia
Qq1TpRiXFWMxooMqijVt,FLuzAE5dm4qazOoE4QaF
Qq1TpRiXFWMxooMqijVt,zDLn38DfCkx1JTQfW7bl
Qq1TpRiXFWMxooMqijVt,AkUH6sty9Lv2WuTTXRD9
Qq1TpRiXFWMxooMqijVt,HTmIYhVrz22i3PjxdS0h
S6GtIWAGWDQXstwOMsxM,ZeztgNNzU3DbAZNdVQbt
S6GtIWAGWDQXstwOMsxM,vXyzxEkaeEFoAcKQEeia
SVBo1xoP6wqVOYRaY51q,FLuzAE5dm4qazOoE4QaF
SVBo1xoP6wqVOYRaY51q,vXyzxEkaeEFoAcKQEeia
TP5bSx8XiFR5Mhs98UPS,OiKFo7nNy4gsLARMI6zP
TP5bSx8XiFR5Mhs98UPS,FLuzAE5dm4qazOoE4QaF
TP5bSx8XiFR5Mhs98UPS,XtVckzGBhhXrczpk2wBW
TkX92j12vULJx4imdK55,7RlnzfjxyxYTH0ajcVQK
TkX92j12vULJx4imdK55,wIKPzNydyOA8KbRKHE5a
U3yJP2gjVAZV5h2JzNxY,FLuzAE5dm4qazOoE4QaF
U3yJP2gjVAZV5h2JzNxY,HTmIYhVrz22i3PjxdS0h
U3yJP2gjVAZV5h2JzNxY,XtVckzGBhhXrczpk2wBW
U3yJP2gjVAZV5h2JzNxY,7RlnzfjxyxYTH0ajcVQK
U82cTKzPvQ8Jl1jByxpe,ZeztgNNzU3DbAZNdVQbt
U82cTKzPvQ8Jl1jByxpe,XtVckzGBhhXrczpk2wBW
U82cTKzPvQ8Jl1jByxpe,HTmIYhVrz22i3PjxdS0h
U82cTKzPvQ8Jl1jByxpe,OiKFo7nNy4gsLARMI6zP
UAUwl0DaojqWo5PD1hl8,FLuzAE5dm4qazOoE4QaF
UAUwl0DaojqWo5PD1hl8,AkUH6sty9Lv2WuTTXRD9
UAUwl0DaojqWo5PD1hl8,HTmIYhVrz22i3PjxdS0h
UAUwl0DaojqWo5PD1hl8,ah0Io8qTy2I6RjsTHTeS
UUVQPnkru2xj8tnf9x9r,OiKFo7nNy4gsLARMI6zP
UUVQPnkru2xj8tnf9x9r,7RlnzfjxyxYTH0ajcVQK
UUVQPnkru2xj8tnf9x9r,HTmIYhVrz22i3PjxdS0h
UUVQPnkru2xj8tnf9x9r,ZeztgNNzU3DbAZNdVQbt
UbT3ZT9TokEuDlA3yap5,7RlnzfjxyxYTH0ajcVQK
UbT3ZT9TokEuDlA3yap5,OiKFo7nNy4gsLARMI6zP
UiN8egrbml9767vx9jT5,FLuzAE5dm4qazOoE4QaF
UiN8egrbml9767vx9jT5,wIKPzNydyOA8KbRKHE5a
UiN8egrbml9767vx9jT5,AkUH6sty9Lv2WuTTXRD9
UiPSbzGwIdu94dj1WKN4,FLuzAE5dm4qazOoE4QaF
UiPSbzGwIdu94dj1WKN4,ah0Io8qTy2I6RjsTHTeS
UleYx7RFuAD5OD6KsFhE,FLuzAE5dm4qazOoE4QaF
UleYx7RFuAD5OD6KsFhE,XtVckzGBhhXrczpk2wBW
UleYx7RFuAD5OD6KsFhE,wIKPzNydyOA8KbRKHE5a
V0dkfSPE4GP6d5lpNaHz,FLuzAE5dm4qazOoE4QaF
V0dkfSPE4GP6d5lpNaHz,ZeztgNNzU3DbAZNdVQbt
V0dkfSPE4GP6d5lpNaHz,7RlnzfjxyxYTH0ajcVQK
V0dkfSPE4GP6d5lpNaHz,Ri7THJYVq8VeyDjrJZS8
V8mRVC0MDmkQBgs9erqT,wIKPzNydyOA8KbRKHE5a
V8mRVC0MDmkQBgs9erqT,7RlnzfjxyxYTH0ajcVQK
VAnenwbQKHPSvIjWV7pC,OiKFo7nNy4gsLARMI6zP
VAnenwbQKHPSvIjWV7pC,Ri7THJYVq8VeyDjrJZS8
VAnenwbQKHPSvIjWV7pC,zDLn38DfCkx1JTQfW7bl
VAnenwbQKHPSvIjWV7pC,AkUH6sty9Lv2WuTTXRD9
VWv2kzIsYMLNk5oxEMFe,FLuzAE5dm4qazOoE4QaF
VWv2kzIsYMLNk5oxEMFe,AkUH6sty9Lv2WuTTXRD9
VWv2kzIsYMLNk5oxEMFe,7RlnzfjxyxYTH0ajcVQK
VZIeapLeWOyH46gjSCRP,zDLn38DfCkx1JTQfW7bl
VZIeapLeWOyH46gjSCRP,vXyzxEkaeEFoAcKQEeia
VywCsA2V8nQnV6XH1RG2,FLuzAE5dm4qazOoE4QaF
VywCsA2V8nQnV6XH1RG2,XtVckzGBhhXrczpk2wBW
VywCsA2V8nQnV6XH1RG2,zDLn38DfCkx1JTQfW7bl
WBp41ROA3KlO0ByzXmRS,FLuzAE5dm4qazOoE4QaF
WBp41ROA3KlO0ByzXmRS,Ri7THJYVq8VeyDjrJZS8
WBp41ROA3KlO0ByzXmRS,wIKPzNydyOA8KbRKHE5a
XVmOnQaXkN0SrR4L2Cqf,FLuzAE5dm4qazOoE4QaF
XVmOnQaXkN0SrR4L2Cqf,HTmIYhVrz22i3PjxdS0h
XVmOnQaXkN0SrR4L2Cqf,7RlnzfjxyxYTH0ajcVQK
XVmOnQaXkN0SrR4L2Cqf,Ri7THJYVq8VeyDjrJZS8
XjCp9loWyVJVNkl15Rhj,OiKFo7nNy4gsLARMI6zP
XjCp9loWyVJVNkl15Rhj,ZeztgNNzU3DbAZNdVQbt
XjCp9loWyVJVNkl15Rhj,vXyzxEkaeEFoAcKQEeia
XmA3Xs8W1Xov6QoiC9Q1,wIKPzNydyOA8KbRKHE5a
XmA3Xs8W1Xov6QoiC9Q1,FLuzAE5dm4qazOoE4QaF
YCi7nXE9o4izX8kl87wS,HTmIYhVrz22i3PjxdS0h
YCi7nXE9o4izX8kl87wS,7RlnzfjxyxYTH0ajcVQK
YCi7nXE9o4izX8kl87wS,OiKFo7nNy4gsLARMI6zP
YIHBlCG4V2ebaFyOH4bZ,FLuzAE5dm4qazOoE4QaF
YIHBlCG4V2ebaFyOH4bZ,Ri7THJYVq8VeyDjrJZS8
YIHBlCG4V2ebaFyOH4bZ,HTmIYhVrz22i3PjxdS0h
YIHBlCG4V2ebaFyOH4bZ,AkUH6sty9Lv2WuTTXRD9
YN6sWxsWiErswgs9UaoT,wIKPzNydyOA8KbRKHE5a
YN6sWxsWiErswgs9UaoT,vXyzxEkaeEFoAcKQEeia
YZ1rH9CLzpmVQUhWLw5e,AkUH6sty9Lv2WuTTXRD9
YZ1rH9CLzpmVQUhWLw5e,HTmIYhVrz22i3PjxdS0h
YyfjnhJ84S5XvwMrBu0N,ah0Io8qTy2I6RjsTHTeS
YyfjnhJ84S5XvwMrBu0N,OiKFo7nNy4gsLARMI6zP
YyfjnhJ84S5XvwMrBu0N,7RlnzfjxyxYTH0ajcVQK
YyfjnhJ84S5XvwMrBu0N,zDLn38DfCkx1JTQfW7bl
ZAdCNNsmsUjfqIH0m3Px,7RlnzfjxyxYTH0ajcVQK
ZAdCNNsmsUjfqIH0m3Px,ZeztgNNzU3DbAZNdVQbt
ZAdCNNsmsUjfqIH0m3Px,HTmIYhVrz22i3PjxdS0h
ZAdCNNsmsUjfqIH0m3Px,AkUH6sty9Lv2WuTTXRD9
ZDsDi5uzFybyTHDyg7Sh,FLuzAE5dm4qazOoE4QaF
ZDsDi5uzFybyTHDyg7Sh,vXyzxEkaeEFoAcKQEeia
Zm98HOrjLwwudUq56iax,FLuzAE5dm4qazOoE4QaF
Zm98HOrjLwwudUq56iax,AkUH6sty9Lv2WuTTXRD9
Zm98HOrjLwwudUq56iax,HTmIYhVrz22i3PjxdS0h
a2GxJjEheT7kCjuYBJHO,Ri7THJYVq8VeyDjrJZS8
a2GxJjEheT7kCjuYBJHO,XtVckzGBhhXrczpk2wBW
aCL83gC4Gh7cOdX9XhxE,FLuzAE5dm4qazOoE4QaF
aCL83gC4Gh7cOdX9XhxE,ah0Io8qTy2I6RjsTHTeS
aOI4WyDnNVXUtAzVqZsS,zDLn38DfCkx1JTQfW7bl
aOI4WyDnNVXUtAzVqZsS,Ri7THJYVq8VeyDjrJZS8
beJZeFCKxnwomk2qQmnl,FLuzAE5dm4qazOoE4QaF
beJZeFCKxnwomk2qQmnl,OiKFo7nNy4gsLARMI6zP
bpWnfM1sudt4FMI0wS9t,FLuzAE5dm4qazOoE4QaF
bpWnfM1sudt4FMI0wS9t,ah0Io8qTy2I6RjsTHTeS
bpWnfM1sudt4FMI0wS9t,OiKFo7nNy4gsLARMI6zP
bpWnfM1sudt4FMI0wS9t,AkUH6sty9Lv2WuTTXRD9
cOJcvxwPzm0iZ4cHngFC,FLuzAE5dm4qazOoE4QaF
cOJcvxwPzm0iZ4cHngFC,OiKFo7nNy4gsLARMI6zP
cOJcvxwPzm0iZ4cHngFC,HTmIYhVrz22i3PjxdS0h
cOJcvxwPzm0iZ4cHngFC,wIKPzNydyOA8KbRKHE5a
cgl2dkQpzRePcWAo075o,Ri7THJYVq8VeyDjrJZS8
cgl2dkQpzRePcWAo075o,HTmIYhVrz22i3PjxdS0h
cgl2dkQpzRePcWAo075o,FLuzAE5dm4qazOoE4QaF
cgl2dkQpzRePcWAo075o,OiKFo7nNy4gsLARMI6zP
cwMYFZkBcDAT64xVGPYi,FLuzAE5dm4qazOoE4QaF
cwMYFZkBcDAT64xVGPYi,vXyzxEkaeEFoAcKQEeia
cwMYFZkBcDAT64xVGPYi,zDLn38DfCkx1JTQfW7bl
cwMYFZkBcDAT64xVGPYi,wIKPzNydyOA8KbRKHE5a
cwutSB93TI3xH6IKpBn5,Ri7THJYVq8VeyDjrJZS8
cwutSB93TI3xH6IKpBn5,HTmIYhVrz22i3PjxdS0h
d3pHtfhU57E5OSFI6Mry,FLuzAE5dm4qazOoE4QaF
d3pHtfhU57E5OSFI6Mry,zDLn38DfCkx1JTQfW7bl
dGxyjzS4YUBBbcbvHOUf,OiKFo7nNy4gsLARMI6zP
dGxyjzS4YUBBbcbvHOUf,ZeztgNNzU3DbAZNdVQbt
dGxyjzS4YUBBbcbvHOUf,vXyzxEkaeEFoAcKQEeia
dkrarlbB4ZvLnUMtJqJM,ZeztgNNzU3DbAZNdVQbt
dkrarlbB4ZvLnUMtJqJM,HTmIYhVrz22i3PjxdS0h
eI7AwyqnfrU90ciZcB2J,FLuzAE5dm4qazOoE4QaF
eI7AwyqnfrU90ciZcB2J,wIKPzNydyOA8KbRKHE5a
eI7AwyqnfrU90ciZcB2J,XtVckzGBhhXrczpk2wBW
ee9QQZxV5iESX66emeXE,wIKPzNydyOA8KbRKHE5a
ee9QQZxV5iESX66emeXE,AkUH6sty9Lv2WuTTXRD9
f8RGpxZJ7dQCu4DY6KRj,FLuzAE5dm4qazOoE4QaF
f8RGpxZJ7dQCu4DY6KRj,7RlnzfjxyxYTH0ajcVQK
fbVtCjw945zx0RDARWt1,OiKFo7nNy4gsLARMI6zP
fbVtCjw945zx0RDARWt1,XtVckzGBhhXrczpk2wBW
flWe1JTfa9t3O20cxgFZ,ZeztgNNzU3DbAZNdVQbt
flWe1JTfa9t3O20cxgFZ,zDLn38DfCkx1JTQfW7bl
gVOKNIr5SqGSYt4UQGwz,FLuzAE5dm4qazOoE4QaF
gVOKNIr5SqGSYt4UQGwz,Ri7THJYVq8VeyDjrJZS8
hFlaIDjyVSQM95hpLX5l,FLuzAE5dm4qazOoE4QaF
hFlaIDjyVSQM95hpLX5l,7RlnzfjxyxYTH0ajcVQK
hFlaIDjyVSQM95hpLX5l,wIKPzNydyOA8KbRKHE5a
hHM0HVjqwKVeG9AWTAZF,FLuzAE5dm4qazOoE4QaF
hHM0HVjqwKVeG9AWTAZF,OiKFo7nNy4gsLARMI6zP
hHM0HVjqwKVeG9AWTAZF,XtVckzGBhhXrczpk2wBW
hKLtiqzvq6iMHcSRGLMG,OiKFo7nNy4gsLARMI6zP
hKLtiqzvq6iMHcSRGLMG,XtVckzGBhhXrczpk2wBW
hN53GlLx2DAw5uskXgts,zDLn38DfCkx1JTQfW7bl
hN53GlLx2DAw5uskXgts,OiKFo7nNy4gsLARMI6zP
hfmR2J1HSybT3k2ocQnN,HTmIYhVrz22i3PjxdS0h
hfmR2J1HSybT3k2ocQnN,OiKFo7nNy4gsLARMI6zP
hfmR2J1HSybT3k2ocQnN,ah0Io8qTy2I6RjsTHTeS
i7nD4nBuvDJmmwAAfNuk,FLuzAE5dm4qazOoE4QaF
i7nD4nBuvDJmmwAAfNuk,XtVckzGBhhXrczpk2wBW
ioBTEBAqB3GfzOzop0K3,FLuzAE5dm4qazOoE4QaF
ioBTEBAqB3GfzOzop0K3,wIKPzNydyOA8KbRKHE5a
iukqL19YJuS67ZkSWMqZ,FLuzAE5dm4qazOoE4QaF
iukqL19YJuS67ZkSWMqZ,7RlnzfjxyxYTH0ajcVQK
iukqL19YJuS67ZkSWMqZ,XtVckzGBhhXrczpk2wBW
jHdCJCKb650P142dwlCc,zDLn38DfCkx1JTQfW7bl
jHdCJCKb650P142dwlCc,HTmIYhVrz22i3PjxdS0h
jHdCJCKb650P142dwlCc,ah0Io8qTy2I6RjsTHTeS
kbZeLnr7CIhviuzpi7Y2,OiKFo7nNy4gsLARMI6zP
kbZeLnr7CIhviuzpi7Y2,7RlnzfjxyxYTH0ajcVQK
khBKlVEnnEalTeRRgKYn,OiKFo7nNy4gsLARMI6zP
khBKlVEnnEalTeRRgKYn,HTmIYhVrz22i3PjxdS0h
khaARS90ROktrWpNefdc,FLuzAE5dm4qazOoE4QaF
khaARS90ROktrWpNefdc,wIKPzNydyOA8KbRKHE5a
khaARS90ROktrWpNefdc,Ri7THJYVq8VeyDjrJZS8
l2BJGEFL0vNtYHherIGp,OiKFo7nNy4gsLARMI6zP
l2BJGEFL0vNtYHherIGp,7RlnzfjxyxYTH0ajcVQK
l2BJGEFL0vNtYHherIGp,ZeztgNNzU3DbAZNdVQbt
l2BJGEFL0vNtYHherIGp,AkUH6sty9Lv2WuTTXRD9
l4DGdklYsCQJ4YCEwG6N,Ri7THJYVq8VeyDjrJZS8
l4DGdklYsCQJ4YCEwG6N,AkUH6sty9Lv2WuTTXRD9
l4DGdklYsCQJ4YCEwG6N,XtVckzGBhhXrczpk2wBW
l5syMnVe7oyPyItseDcU,FLuzAE5dm4qazOoE4QaF
l5syMnVe7oyPyItseDcU,vXyzxEkaeEFoAcKQEeia
l5syMnVe7oyPyItseDcU,ZeztgNNzU3DbAZNdVQbt
lRI4lhkiWzTKCOBsbL3p,FLuzAE5dm4qazOoE4QaF
lRI4lhkiWzTKCOBsbL3p,Ri7THJYVq8VeyDjrJZS8
lRI4lhkiWzTKCOBsbL3p,XtVckzGBhhXrczpk2wBW
lRI4lhkiWzTKCOBsbL3p,wIKPzNydyOA8KbRKHE5a
lY0oZzdYo9y3zFhhYnmy,FLuzAE5dm4qazOoE4QaF
lY0oZzdYo9y3zFhhYnmy,vXyzxEkaeEFoAcKQEeia
lY0oZzdYo9y3zFhhYnmy,OiKFo7nNy4gsLARMI6zP
mMeEpUAziHDhG50zT935,FLuzAE5dm4qazOoE4QaF
mMeEpUAziHDhG50zT935,OiKFo7nNy4gsLARMI6zP
mb426CKotDswSd9rgWPp,FLuzAE5dm4qazOoE4QaF
mb426CKotDswSd9rgWPp,wIKPzNydyOA8KbRKHE5a
mb426CKotDswSd9rgWPp,AkUH6sty9Lv2WuTTXRD9
mvuw0PVc9yFEqDYHLU5P,ZeztgNNzU3DbAZNdVQbt
mvuw0PVc9yFEqDYHLU5P,wIKPzNydyOA8KbRKHE5a
mvuw0PVc9yFEqDYHLU5P,zDLn38DfCkx1JTQfW7bl
nrEaDmep95iroWpISISA,FLuzAE5dm4qazOoE4QaF
nrEaDmep95iroWpISISA,ah0Io8qTy2I6RjsTHTeS
ntBJAaqOZ6CVfzvCIdlt,FLuzAE5dm4qazOoE4QaF
ntBJAaqOZ6CVfzvCIdlt,vXyzxEkaeEFoAcKQEeia
ntBJAaqOZ6CVfzvCIdlt,7RlnzfjxyxYTH0ajcVQK
oRaHQAaxlJ5gKS85cssh,FLuzAE5dm4qazOoE4QaF
oRaHQAaxlJ5gKS85cssh,Ri7THJYVq8VeyDjrJZS8
oRaHQAaxlJ5gKS85cssh,AkUH6sty9Lv2WuTTXRD9
oRaHQAaxlJ5gKS85cssh,ZeztgNNzU3DbAZNdVQbt
oeotA7s7dRMWvrJarDmJ,Ri7THJYVq8VeyDjrJZS8
oeotA7s7dRMWvrJarDmJ,7RlnzfjxyxYTH0ajcVQK
oeotA7s7dRMWvrJarDmJ,OiKFo7nNy4gsLARMI6zP
oeotA7s7dRMWvrJarDmJ,ah0Io8qTy2I6RjsTHTeS
peEZ4F0cByDfdVv4Mh5R,FLuzAE5dm4qazOoE4QaF
peEZ4F0cByDfdVv4Mh5R,ZeztgNNzU3DbAZNdVQbt
peEZ4F0cByDfdVv4Mh5R,XtVckzGBhhXrczpk2wBW
pegZwJVtwSuC87fEl0UZ,FLuzAE5dm4qazOoE4QaF
pegZwJVtwSuC87fEl0UZ,wIKPzNydyOA8KbRKHE5a
q0DIQV3yASXwqRZaCiFX,ZeztgNNzU3DbAZNdVQbt
q0DIQV3yASXwqRZaCiFX,AkUH6sty9Lv2WuTTXRD9
q0DIQV3yASXwqRZaCiFX,OiKFo7nNy4gsLARMI6zP
q0DIQV3yASXwqRZaCiFX,XtVckzGBhhXrczpk2wBW
qPBOcL9oIepOBSMv2sm9,OiKFo7nNy4gsLARMI6zP
qPBOcL9oIepOBSMv2sm9,wIKPzNydyOA8KbRKHE5a
qTAylyGMKxWyYImK7Xnp,ah0Io8qTy2I6RjsTHTeS
qTAylyGMKxWyYImK7Xnp,ZeztgNNzU3DbAZNdVQbt
qTAylyGMKxWyYImK7Xnp,Ri7THJYVq8VeyDjrJZS8
qq5SykirmTIWsbbBDARc,FLuzAE5dm4qazOoE4QaF
qq5SykirmTIWsbbBDARc,7RlnzfjxyxYTH0ajcVQK
qylb4vJtU5AGTjqa3Otw,FLuzAE5dm4qazOoE4QaF
qylb4vJtU5AGTjqa3Otw,AkUH6sty9Lv2WuTTXRD9
qylb4vJtU5AGTjqa3Otw,HTmIYhVrz22i3PjxdS0h
qylb4vJtU5AGTjqa3Otw,ZeztgNNzU3DbAZNdVQbt
rXQLUFdi9w5lq2zlb3jt,Ri7THJYVq8VeyDjrJZS8
rXQLUFdi9w5lq2zlb3jt,zDLn38DfCkx1JTQfW7bl
rXQLUFdi9w5lq2zlb3jt,wIKPzNydyOA8KbRKHE5a
rcKMnMwfcNJBA0vTq9K2,FLuzAE5dm4qazOoE4QaF
rcKMnMwfcNJBA0vTq9K2,7RlnzfjxyxYTH0ajcVQK
rdSDbspwBRGjnYsdAdCu,OiKFo7nNy4gsLARMI6zP
rdSDbspwBRGjnYsdAdCu,HTmIYhVrz22i3PjxdS0h
rdSDbspwBRGjnYsdAdCu,zDLn38DfCkx1JTQfW7bl
ri7VMl85rYWRQ5NzpcgE,ZeztgNNzU3DbAZNdVQbt
ri7VMl85rYWRQ5NzpcgE,AkUH6sty9Lv2WuTTXRD9
ri7VMl85rYWRQ5NzpcgE,7RlnzfjxyxYTH0ajcVQK
ri7VMl85rYWRQ5NzpcgE,XtVckzGBhhXrczpk2wBW
rtD7CMjsceEbv2KhEprz,ah0Io8qTy2I6RjsTHTeS
rtD7CMjsceEbv2KhEprz,FLuzAE5dm4qazOoE4QaF
rv1DxRCAh8vLRGYr7kfa,FLuzAE5dm4qazOoE4QaF
rv1DxRCAh8vLRGYr7kfa,HTmIYhVrz22i3PjxdS0h
rv1DxRCAh8vLRGYr7kfa,ZeztgNNzU3DbAZNdVQbt
sAmtB8fy0VPiNkHFh2ON,FLuzAE5dm4qazOoE4QaF
sAmtB8fy0VPiNkHFh2ON,HTmIYhVrz22i3PjxdS0h
sAmtB8fy0VPiNkHFh2ON,ZeztgNNzU3DbAZNdVQbt
t6hibvHASB7ImBStKhrw,ZeztgNNzU3DbAZNdVQbt
t6hibvHASB7ImBStKhrw,AkUH6sty9Lv2WuTTXRD9
t6hibvHASB7ImBStKhrw,zDLn38DfCkx1JTQfW7bl
t6hibvHASB7ImBStKhrw,OiKFo7nNy4gsLARMI6zP
tB7DEtiqE3Wvd4N16LQd,FLuzAE5dm4qazOoE4QaF
tB7DEtiqE3Wvd4N16LQd,Ri7THJYVq8VeyDjrJZS8
tB7DEtiqE3Wvd4N16LQd,HTmIYhVrz22i3PjxdS0h
w1UaINJpdc3KsocCvWSD,FLuzAE5dm4qazOoE4QaF
w1UaINJpdc3KsocCvWSD,AkUH6sty9Lv2WuTTXRD9
w1UaINJpdc3KsocCvWSD,7RlnzfjxyxYTH0ajcVQK
w1UaINJpdc3KsocCvWSD,zDLn38DfCkx1JTQfW7bl
wODKVw70M0C8blVDMpfL,OiKFo7nNy4gsLARMI6zP
wODKVw70M0C8blVDMpfL,ZeztgNNzU3DbAZNdVQbt
wODKVw70M0C8blVDMpfL,FLuzAE5dm4qazOoE4QaF
wXQy4GNSAVByO1QwIw31,FLuzAE5dm4qazOoE4QaF
wXQy4GNSAVByO1QwIw31,ah0Io8qTy2I6RjsTHTeS
wXQy4GNSAVByO1QwIw31,OiKFo7nNy4gsLARMI6zP
wXQy4GNSAVByO1QwIw31,vXyzxEkaeEFoAcKQEeia
wnWqZuCRhIESkI8KhmhZ,FLuzAE5dm4qazOoE4QaF
wnWqZuCRhIESkI8KhmhZ,Ri7THJYVq8VeyDjrJZS8
wnWqZuCRhIESkI8KhmhZ,vXyzxEkaeEFoAcKQEeia
xPfTusEykaoThPECEHNx,zDLn38DfCkx1JTQfW7bl
xPfTusEykaoThPECEHNx,FLuzAE5dm4qazOoE4QaF
xPfTusEykaoThPECEHNx,ZeztgNNzU3DbAZNdVQbt
xPfTusEykaoThPECEHNx,OiKFo7nNy4gsLARMI6zP
y02zxIhpl5SrMiqbe6PZ,zDLn38DfCkx1JTQfW7bl
y02zxIhpl5SrMiqbe6PZ,Ri7THJYVq8VeyDjrJZS8
y2QViIPyK0DMuLnnTpmM,wIKPzNydyOA8KbRKHE5a
y2QViIPyK0DMuLnnTpmM,ah0Io8qTy2I6RjsTHTeS
yYjYyd4TeWQsvH5igLmP,Ri7THJYVq8VeyDjrJZS8
yYjYyd4TeWQsvH5igLmP,XtVckzGBhhXrczpk2wBW
yYjYyd4TeWQsvH5igLmP,wIKPzNydyOA8KbRKHE5a
yYjYyd4TeWQsvH5igLmP,vXyzxEkaeEFoAcKQEeia
yaBWRUKJeB6kxCpL8yQM,Ri7THJYVq8VeyDjrJZS8
yaBWRUKJeB6kxCpL8yQM,vXyzxEkaeEFoAcKQEeia
ygKCH9AyMU1EHeFyQQIV,XtVckzGBhhXrczpk2wBW
ygKCH9AyMU1EHeFyQQIV,wIKPzNydyOA8KbRKHE5a
yhZRzAUfUTa7emEn5TrG,FLuzAE5dm4qazOoE4QaF
yhZRzAUfUTa7emEn5TrG,ZeztgNNzU3DbAZNdVQbt
yhZRzAUfUTa7emEn5TrG,wIKPzNydyOA8KbRKHE5a
zAgP9SXKxmB6CHmOVZEj,FLuzAE5dm4qazOoE4QaF
zAgP9SXKxmB6CHmOVZEj,ZeztgNNzU3DbAZNdVQbt
zTLIoGDZJsgMorVzRhHE,Ri7THJYVq8VeyDjrJZS8
zTLIoGDZJsgMorVzRhHE,ah0Io8qTy2I6RjsTHTeS
zTLIoGDZJsgMorVzRhHE,AkUH6sty9Lv2WuTTXRD9
zYXQjirGqWnfkYRkKvqD,Ri7THJYVq8VeyDjrJZS8
zYXQjirGqWnfkYRkKvqD,HTmIYhVrz22i3PjxdS0h
zj1RbSbxQVDaJzzgibvk,OiKFo7nNy4gsLARMI6zP
zj1RbSbxQVDaJzzgibvk,Ri7THJYVq8VeyDjrJZS8
zvTElyJJO7xqagDkVWdP,HTmIYhVrz22i3PjxdS0h
zvTElyJJO7xqagDkVWdP,FLuzAE5dm4qazOoE4QaF
