id,created_at,category,ref_id,notified_at,title,updated_at
04igkOa0KDKz9yfJogEo,2025-07-02T10:19:44.197Z,สสร.,A23,2025-07-02T10:19:44.197Z,ควรมีกลุ่มผู้เชี่ยวชาญเป็นส่วนหนึ่งของ สสร. แต่ไม่มีสิทธิ์โหวต (non-voting advisory panel),2025-07-02T10:19:44.197Z
0Fei5MccG3Tftzfh9Uoo,2025-06-11T06:57:15.852Z,สวัสดิการ,,2025-09-05T10:38:04.337Z,เด็ก ๆ ที่เรียนจบควรมีทุนสำหรับการท่องเที่ยว,2025-09-05T10:38:04.337Z
0vomrDzX8pjCYnoNBiuo,2025-07-02T10:19:44.197Z,อื่น ๆ,A87,2025-09-09T11:04:18.027Z,ให้มีการให้ความรู้กับประชาชนทั่วไปก่อนการแก้กฎหมายใดๆ อย่างไม่เหลื่อมล้ำ ด้วยวิธีการ เช่น การเสวนา,2025-09-09T11:04:18.027Z
1eNG3cExFvLzW5leCHWP,2025-09-12T03:33:50.862Z,อื่น ๆ,,2025-09-12T03:41:11.258Z,รัฐธรรมนูญต้องจำกัดอำนาจของผู้ใช้อำนาจให้อยู่ในกรอบขอบเขต,2025-09-12T03:33:50.862Z
1nja4ZhMvSVsjlVvtx9r,2025-07-02T10:19:44.197Z,สสร.,A16,2025-07-02T10:19:44.197Z,ทหารต้องไม่มายุ่งกับการร่างรัฐธรรมนูญ,2025-07-02T10:19:44.197Z
1qjh6KRYbAEPsKG8NUDI,2025-07-02T10:19:44.197Z,สิทธิเสรีภาพ,A90,2025-07-02T10:19:44.197Z,ควรมองคนในสังคมเป็นมนุษย์เหมือนกับเรา,2025-07-02T10:19:44.197Z
2StYx1m4eIDCGmr7yEBp,2025-09-15T04:14:44.516Z,รัฐสภา,,2025-09-15T04:14:44.516Z,สว.ต้องไม่มีอำนาจเหนือ สส. แต่เป็นที่ปรึกษา ให้ข้อเสนอแนะกับสส.,2025-09-15T04:14:44.516Z
2rIAoKtf0uRsbMDTZ6kE,2025-07-02T10:19:44.197Z,สสร.,A14,2025-09-09T11:26:50.469Z,สสร. ไม่จำเป็นต้องมีตัวแทนเชิงพื้นที่,2025-09-09T11:12:32.428Z
2rkY2deHi8JWXeTwRzzX,2025-07-02T10:19:44.197Z,สวัสดิการ,A102,2025-07-02T10:19:44.197Z,ต้องมอบเงินประกันการว่างงาน,2025-07-02T10:19:44.197Z
30iUR5Bs1u2g842KdF3y,2025-07-02T10:19:44.197Z,สสร.,A48,2025-09-09T11:09:51.423Z,"กรณี สสร มาจากพรรคการเมือง ควรให้พรรคการเมือง ""กรอง"" คุณสมบัติให้ด้วย ถือว่าเป็นการเน้นย้ำเจตนารมณ์ และเช็คว่าไม่ได้มีตำแหน่งทางการเมือง",2025-09-09T11:09:51.423Z
4CGZkWkBlX9VNSkBJEGI,2025-07-02T10:19:44.197Z,สสร.,A57,2025-07-02T10:19:44.197Z,สสร. ต้องมีความหลากหลายของคนที่เข้ามาเป็นสสร.,2025-07-02T10:19:44.197Z
4FVZ0ewHQ4KGRiPBoGm1,2025-07-02T10:19:44.197Z,สสร.,A27,2025-07-02T10:19:44.197Z,คนที่ได้รับตำแหน่ง สสร. แล้ว ห้ามมาลงสมัคร สส. สว. หรือตำแหน่งทางการเมืองอีก เพื่อหลีกเลี่ยงผลประโยชน์ทับซ้อน,2025-07-02T10:19:44.197Z
4aNRcEnl4h9Kz5pxa6ff,2025-07-02T10:19:44.197Z,สสร.,A1,2025-07-02T10:19:44.197Z,การมีส่วนร่วมเกี่ยวโยงกับความยั่งยืนของรัฐธรรมนูญ,2025-07-02T10:19:44.197Z
4i14t622N6uaKqAPYfKD,2025-07-02T10:19:44.197Z,สิทธิเสรีภาพ,A114,2025-09-09T11:04:50.299Z,ประชาชนต้องได้เข้าถึงกระบวนการยุติธรรมอย่างเท่าเทียมและเสมอภาคกัน,2025-09-09T11:04:50.299Z
4kDXCQeLCddQptKyOLX0,2025-09-12T03:52:22.535Z,อื่น ๆ,,2025-09-12T03:52:22.535Z,ประชาชนทำหน้าที่ขับเคลื่อนประเทศ โดยมีทหารทำหน้าที่รักษาชายแดน ไม่เข้าแทรกแซงการเมือง,2025-09-12T03:52:22.535Z
53UEd7GeI48aWUYhrgWZ,2025-07-02T10:19:44.197Z,การปกครองส่วนท้องถิ่น,A107,2025-07-02T10:19:44.197Z,ควรมีการกระจายอำนาจสู่ท้องถิ่น,2025-07-02T10:19:44.197Z
59G9i7h4GZtz0ScSAn0C,2025-07-02T10:19:44.197Z,สสร.,A50,2025-07-02T10:19:44.197Z,ควรกำหนดให้ สสร. เป็นตำแหน่งเต็มเวลา (Full time),2025-07-02T10:19:44.197Z
5YG7dKCSMALs9DqbO2ox,2025-07-02T10:19:44.197Z,อื่น ๆ,A96,2025-09-09T11:05:22.569Z,หน่วยงานที่ตรวจสอบรัฐบาล ต้องโปร่งใส,2025-09-09T11:05:22.569Z
5rWaEjqgvDdjO8xjUyME,2025-07-02T10:19:44.197Z,สสร.,A36,2025-07-02T10:19:44.197Z,ไม่เอาผู้เชี่ยวชาญที่มาโดยตำแหน่ง,2025-07-02T10:19:44.197Z
7MvMhsMTnlaGMGsDV1vu,2025-09-15T04:15:06.884Z,รัฐสภา,,2025-09-15T04:15:06.884Z,กองทัพต้องอยู่ภายใต้รัฐบาล และเป็นกองทัพที่มีประสิทธิภาพ,2025-09-15T04:15:06.884Z
7Wc7kBwm6cM0c2MxyCTL,2025-09-15T04:02:45.719Z,สวัสดิการ,,2025-09-15T04:16:24.669Z,ต้องไม่มีใครถูกทอดทิ้งจากสวัสดิการของรัฐ เช่น การรักษาพยาบาลที่มีประสิทธิภาพ การศึกษาที่ทันสมัย การมีอาชีพที่มั่นคง,2025-09-15T04:02:45.719Z
7nEY2QHVKCI2Ljwoyyno,2026-02-27T11:23:30.513Z,สิทธิเสรีภาพ,,2026-02-27T11:23:30.513Z,รัฐธรรมนูญจะต้องให้สิทธิเสรีภาพแก่ประชาชนมากขึ้น เพื่อวางรากฐานในการพัฒนาคุณภาพชีวิตและทรัพยากรมนุษย์ที่จะเป็นกำลังสำคัญในการพัฒนาประเทศ,2026-02-27T11:23:30.513Z
7xGInlChiHbtmWOyxXXd,2025-09-12T03:54:15.148Z,อื่น ๆ,,2025-09-12T03:54:15.148Z,แนวนโยบายพิสดารต่าง ๆ ของรัฐ ที่แม้จะเป็นความฝัน ก็เป็นจริงได้หากรัฐธรรมนูญเอื้อให้ผู้ถืออำนาจรัฐสามารถดำเนินนโยบายได้อย่างอิสระ,2025-09-12T03:54:15.148Z
8WtlnkWM0PlR19PBZTR8,2025-07-02T10:19:44.197Z,สสร.,A19,2025-07-02T10:19:44.197Z,การเลือกตั้ง สสร. แบบแบ่งเขต ควรแบ่งด้วยพื้นที่จังหวัด,2025-07-02T10:19:44.197Z
8vddQeCXJp9iuCwsqe7l,2025-07-02T10:19:44.197Z,สสร.,A55,2025-07-02T10:19:44.197Z,ผู้สมัครสสร.ต้อง มีระดับการศึกษาขั้นต่ำคือ ปริญญาตรี,2025-07-02T10:19:44.197Z
9InDlkI5HWtLSzJoExBd,2025-09-09T10:41:01.895Z,สิทธิเสรีภาพ,,2025-09-09T10:41:01.895Z,ผู้ต้องขังควรได้รับสิทธิในการพบแพทย์มากขึ้น,2025-09-09T10:41:01.895Z
9dCsKpEzmEmPYBkmYQOb,2025-09-12T03:36:14.536Z,การศึกษา,,2025-09-12T03:36:14.536Z,ควรมีการส่งเสริมความรู้ด้านรัฐธรรมนูญและสิทธิเบื้องต้น เพื่อให้สังคมมีเอกภาพ,2025-09-12T03:36:14.536Z
9g2CwbGiTaU7qQ0PH76a,2025-09-12T03:40:08.629Z,สวัสดิการ,,2025-09-12T03:40:08.629Z,หวังเห็นสวัสดิการที่ดีและครอบคลุม มีบำนาญเกษียณ มีค่าช่วยเลี้ยงดูบุตร,2025-09-12T03:40:08.629Z
A1zhD0A2zDnFjPYoxHqz,2025-07-02T10:19:44.197Z,สิ่งแวดล้อม,A99,2025-07-02T10:19:44.197Z,ลดปริมาณรถที่ใช้น้ำมันเพื่อลดมลพิษ,2025-07-02T10:19:44.197Z
AMhL4FYyP54kMEyMU18G,2025-07-02T10:19:44.197Z,สิทธิเสรีภาพ,A113,2025-07-02T10:19:44.197Z,เสียงของเด็กและเยาวชนต้องไม่ตกน้ำ,2025-07-02T10:19:44.197Z
AaA3IdPpPRmGriTmLm26,2025-07-02T10:19:44.197Z,สสร.,A15,2025-07-02T10:19:44.197Z,สสร.ต้องหาเสียงและนำเสนอโปรเจคต์ที่จะขับเคลื่อน,2025-07-02T10:19:44.197Z
AbNTr8HqvnxhAIxe6Iw6,2025-07-02T10:19:44.197Z,สสร.,A85,2025-07-02T10:19:44.197Z,การเลือกตั้งควรใช้บัตร 2 ใบ แบ่งเป็น เชิงพื้นที่และความเชี่ยวชาญ และแบ่งเขต 400 เขต,2025-07-02T10:19:44.197Z
BT8x8rmFStJjIMvPB10J,2025-09-05T10:22:57.808Z,สิทธิเสรีภาพ,,2025-11-27T08:44:40.875Z,ผู้พ้นโทษจากเรือนจำทุกคนต้องมีสิทธิที่จะพ้นจากการตีตรา และไม่ถูกกีดกันในการสมัครงานและประกอบอาชีพ,2025-09-05T10:31:33.512Z
C88gOdn5c8qXMV5MJ2h0,2025-07-02T10:19:44.197Z,สสร.,A17,2025-07-02T10:19:44.197Z,"หลักการสำคัญในการออกแบบ สสร. ต้อง Opendatby defalt, เปิดเผย และโปร่งใส",2025-07-02T10:19:44.197Z
CrOJFiVLJKlxb130FB4r,2025-07-02T10:19:44.197Z,อื่น ๆ,A115,2025-07-02T10:19:44.197Z,ต้องมีการสนับสนุนภาคการเกษตร,2025-07-02T10:19:44.197Z
DQeO2c4HGwT5KEdiOMbY,2025-06-11T03:48:36.318Z,การศึกษา,,2025-09-05T10:56:19.336Z,เด็กนักเรียนควรได้ปิดเทอมในฤดูฝน เพราะการเดินทางไปโรงเรียนในฤดูฝนทั้งลำบากและอันตราย,2025-09-05T10:56:19.336Z
DfJOY3sgMDlsp1Zdq9uU,2025-09-15T04:00:25.369Z,สสร.,,2025-09-15T04:00:25.369Z,สสร. มาจากการเลือกตั้งโดยประชาชน,2025-09-15T04:00:25.369Z
E8YzlcAsoGf8ysfgHcWa,2025-09-12T03:33:04.000Z,อื่น ๆ,,2025-09-12T03:33:04.000Z,อยากเห็นรัฐธรรมนูญเป็นกติกาที่รวมความคิดเห็นและความฝันทุกคน เพื่อก้าวไปข้างหน้าด้วยกัน,2025-09-12T03:33:04.000Z
EEcR0NvCxjwK7PH9cKjT,2025-07-02T10:19:44.197Z,สิทธิเสรีภาพ,A109,2025-07-02T10:19:44.197Z,ทุกคนสามารถเป็นตัวคนที่อยากเป็นในเมืองที่เสรี,2025-07-02T10:19:44.197Z
ENbNmkn2KZh24qMQ3APu,2025-07-02T10:19:44.197Z,สสร.,A5,2025-07-02T10:19:44.197Z,สสร. ต้องมาจากสัดส่วนอาชีพของประชากรในประเทศ,2025-07-02T10:19:44.197Z
EjCnAXDaaJuBQLhHI42W,2025-07-02T10:19:44.197Z,สสร.,A35,2025-07-02T10:19:44.197Z,สสร.ที่มีความชอบธรรมสูงจะมีอำนาจในการขับเคลื่อน,2025-07-02T10:19:44.197Z
F4KhD4lOYoeldMS4hYnG,2025-07-02T10:19:44.197Z,สสร.,A13,2025-09-09T11:14:23.395Z,สสร.ต้องมาจากการเลือกตั้งเท่านั้น,2025-09-09T11:14:23.395Z
F7usd2BUTX3k0p2kDtwI,2025-07-02T10:19:44.197Z,สสร.,A2,2025-07-02T10:19:44.197Z,สสร. ต้องมีอำนาจในการปกป้องการล้มรัฐธรรมนูญ,2025-07-02T10:19:44.197Z
FTlX1sG1A34X6v4SF2KR,2025-07-02T10:19:44.197Z,สสร.,A39,2025-07-02T10:19:44.197Z,สสร. ต้องมีความโปร่งใสและตรวจสอบได้,2025-07-02T10:19:44.197Z
G8LaoiZ5UGGP9Da7Fyz5,2025-07-02T10:19:44.197Z,อื่น ๆ,A77,2025-09-09T11:14:56.850Z,รัฐธรรมนูญต้องต้องแก้ไขง่าย แต่ไม่ถูกฉีกง่าย,2025-09-09T11:14:56.850Z
GBq5BwwKMbbVQc6Y89rE,2025-06-25T03:45:04.726Z,สิทธิเสรีภาพ,,2025-09-05T10:46:38.624Z,สิทธิแรงงานและการได้รับค่าจ้างต้องได้รับการคุ้มครอง ไม่ว่าจะอยู่ในอาชีพใดหรือสถานะใด,2025-09-05T10:46:38.624Z
GWGd5rdE1uMxAeIT6o9n,2025-09-15T03:57:42.408Z,สิทธิเสรีภาพ,,2025-09-15T03:57:42.408Z,สิทธิในการเข้าถึงบริการสาธารณสุข ที่ทำได้จริง,2025-09-15T03:57:42.408Z
GaxoVIINVkWmZ2zMW0Ai,2025-09-12T03:43:22.670Z,อื่น ๆ,,2025-09-12T03:43:22.670Z,รัฐธรรมนูญคือการนำความเห็นทุกความเห็นมารวมกัน โดยต้องตรวจสอบได้ มีการกระจายอำนาจที่เป็นธรรม ต่อต้านการทุจริต และเพิ่มเสรีภาพในการแสดงออก,2025-09-12T03:43:22.670Z
GnCjAaUbc2WzgFdhlV2q,2025-09-12T03:51:11.229Z,รัฐสภา,,2025-09-12T03:51:11.229Z,รัฐธรรมนูญต้องไม่สร้างอุปสรรคในทางการเมือง ที่ขัดขวางหรือตีกรอบการทำงานของรัฐบาล,2025-09-12T03:51:11.229Z
HFZPo4OzbhEno0bLvM7e,2026-02-27T11:09:40.870Z,อื่น ๆ,,2026-02-27T11:09:40.870Z,รัฐธรรมนูญควรสามารถส่งผ่านไปให้กับผู้อื่นหรือนานาชาติในฐานะตัวแบบที่ประสบความสำเร็จและนำมาสู่การเปลี่ยนแปลงเช่นเดียวกัน,2026-02-27T11:09:40.870Z
HK63bfvXv3plsVJm1Q7U,2026-02-27T11:21:04.461Z,อื่น ๆ,,2026-02-27T11:21:04.461Z,"รัฐธรรมนูญจะต้องสร้างความมั่นคง ทั้งทางด้านการเมือง เศรษฐกิจ
รวมถึงมีแนวนโยบายที่ชัดเจน พร้อมที่จะพัฒนาประเทศไปข้างหน้า",2026-02-27T11:21:04.461Z
HTDgBRXcKY29K1Jdey0W,2025-09-12T03:35:32.988Z,อื่น ๆ,,2025-09-12T03:35:32.988Z,อยากให้มีสภาประชาชน เพื่อรวมความเห็น,2025-09-12T03:35:32.988Z
HVq2A7jVeLEtRGQrP1Py,2025-11-27T08:35:20.828Z,สิทธิเสรีภาพ,,2025-11-27T08:35:20.828Z,อยากให้มีการสนับสนุนให้สามารถเรียนไปด้วยทำงานไปด้วยได้ เพราะการมีรายได้จำเป็นกับครอบครัว ในขณะเดียวกันก็ไม่อยากออกจากระบบการศึกษา,2025-11-27T08:35:20.828Z
HtKMPnTUQEvqMVAZRO7x,2026-02-27T10:53:34.465Z,อื่น ๆ,,2026-02-27T10:53:34.465Z,ต้องมีการออกแบบรัฐธรรมนูญเพื่อลดอำนาจของผู้มีอำนาจเดิม และเปิดโอกาสให้คนส่วนมากของสังคมสามารถกำหนดทิศทางของประเทศได้ตามวิถีทางประชาธิปไตย,2026-02-27T10:53:34.465Z
IQCwYQpN6dyrQDca9UWs,2025-07-02T10:19:44.197Z,สวัสดิการ,A105,2025-07-02T10:19:44.197Z,ควรเพิ่มระบุสิทธิด้านสวัสดิการ (การศึกษา พยาบาล อาหาร ฯลฯ) โดยต้องใช้รูปแบบ “รัฐสวัสดิการ” ลงไปในรัฐธรรมนูญ,2025-07-02T10:19:44.197Z
IjZMXmGBxDDaJKh5DyOZ,2025-09-15T04:13:38.933Z,อื่น ๆ,,2026-02-27T10:50:35.908Z,รัฐธรรมนูญต้องสามารถแก้ไขได้ง่าย ตามกลไกของระบอบประชาธิปไตย เพื่อให้รัฐธรรมนูญมีความสอดคล้องกับสถานการณ์ที่มีการเปลี่ยนแปลงไป,2025-09-30T07:14:22.118Z
J6vFHMcHA7KE6NsdIaEN,2025-06-11T07:01:31.396Z,สวัสดิการ,,2025-09-05T10:37:40.419Z,รัฐควรช่วยสงเคราะห์บุตร หรือขยายช่วงอายุของเด็ก,2025-09-05T10:37:40.419Z
JkA5Nu2tkiSGYSkuc9XK,2025-06-11T04:00:08.033Z,สวัสดิการ,,2025-09-05T10:38:24.259Z,เมืองควรออกแบบบนหลัก Universal Design เพื่อให้ทุกคนสามารถเข้าถึงและใช้ประโยชน์ได้อย่างสะดวก ไม่ว่าจะมีข้อจำกัดด้านร่างกายหรือไม่,2025-09-05T10:38:24.259Z
JkV4OtnlhvCzKVDYLx7h,2025-07-02T10:19:44.197Z,สสร.,A26,2025-07-02T10:19:44.197Z,ใบสมัครของสสร. ควรเปิดเผยจุดยืน คล้ายๆ หาเสียง เช่น ปฏิรูปกระบวนการศาล,2025-07-02T10:19:44.197Z
JrrSMrVIPnXKGeNiUZIJ,2025-07-02T10:19:44.197Z,สสร.,A74,2025-07-02T10:19:44.197Z,ให้ สรร. ที่จากประชาชน เลือกผู้เชี่ยวชาญเอง (based on content/agenda),2025-07-02T10:19:44.197Z
KGlNY6Z1v9IK1r2wc172,2025-11-27T08:40:20.406Z,สวัสดิการ,,2025-11-27T08:40:42.290Z,เพิ่มเงินเยียวยาผู้สูงอายุ และให้มีกลไกอื่น ๆ ร่วมด้วย เช่น การลดหย่อนภาษี,2025-11-27T08:40:20.406Z
KQU7CiheSFOtWiVDVBxL,2025-09-12T03:40:24.218Z,สิทธิเสรีภาพ,,2025-09-12T03:40:24.218Z,ต้องเคารพซึ่งความหลากหลายของชุมชน ให้สิทธิมนุษยชนแก่กลุ่มคนต่าง ๆ,2025-09-12T03:40:24.218Z
KT4M6sabcRzo7DQ2UYlK,2025-07-02T10:19:44.197Z,อื่น ๆ,A94,2025-07-02T10:19:44.197Z,เงินต้องไม่สามารถเปลี่ยนความผิดให้กลายเป็นความถูกต้องได้,2025-07-02T10:19:44.197Z
KnLQ88WRrt7g9gfxdAr1,2025-07-02T10:19:44.197Z,สสร.,A82,2025-07-02T10:19:44.197Z,สสร. ควรแปลงร่างเป็น ศาลรัฐธรรมนูญ,2025-07-02T10:19:44.197Z
KxylHYyk2a6LnAUMKuCA,2025-07-02T10:19:44.197Z,สสร.,A28,2025-07-02T10:19:44.197Z,สภา หรือ ครม.สามารถมีส่วนร่วมกับ สสร.,2025-07-02T10:19:44.197Z
L7vAtfnZK03nF2zDvcvf,2025-07-02T10:19:44.197Z,สสร.,A63,2025-09-09T11:15:41.419Z,เดิมการรณรงค์ร่าง รธน. จะมี vision ร่วมกัน ทำคู่มือ/รณรงค์/กลุ่มย่อย วัดการตระหนักรู้ของผู้คน ในรอบนี้ก็เน้นกระบวนการนอกจากผลลัพธ์,2025-09-09T11:15:41.419Z
LKXzmA9tyTknWrjuwsup,2025-07-02T10:19:44.197Z,สสร.,A40,2025-07-02T10:19:44.197Z,สสร. ต้องมีโควต้าของแต่ละกลุ่ม เช่น LGBT ผู้หญิง กลุ่มเปราะบาง,2025-07-02T10:19:44.197Z
LXAf0kXAKcDM101rNBdJ,2025-07-02T10:19:44.197Z,รัฐสภา,A111,2025-07-02T10:19:44.197Z,ไม่เอา สว. และนายกคนนอก,2025-07-02T10:19:44.197Z
MJnDFwit09hLwa9T869f,2025-07-02T10:19:44.197Z,สสร.,A11,2025-07-02T10:19:44.197Z,ไม่ไว้ใจ กกต. และไม่ไว้ใจว่าจะได้แก้ รธน.,2025-07-02T10:19:44.197Z
MS7pv54zrhUr3FL3rmJu,2025-09-12T03:38:48.156Z,อื่น ๆ,,2025-09-12T03:38:48.156Z,กฎหมายต้องร่างให้สอดคล้องกับมาตรฐานสากล,2025-09-12T03:38:48.156Z
NKpuHPFOMLsCgTwgcHX9,2025-07-02T10:19:44.197Z,สิทธิเสรีภาพ,A108,2025-07-02T10:19:44.197Z,ต้องลดการผูกขาดของนายทุน,2025-07-02T10:19:44.197Z
NgqW0WIpOqn6lgiInybe,2025-06-25T03:47:16.008Z,สิทธิเสรีภาพ,,2025-09-05T10:45:40.594Z,รัฐต้องรับรองสิทธิในการมีตัวตนทางกฎหมายที่ปลอดภัย เพื่อไม่ตกเป็นเหยื่อการแอบอ้าง/หลอกใช้ข้อมูล,2025-09-05T10:45:40.594Z
NhxEw2QAIrvfKtWj3jWw,2025-07-02T10:19:44.197Z,สิ่งแวดล้อม,A97,2025-07-02T10:19:44.197Z,ทุกคนทิ้งขยะให้ถูกที่ รู้จักแยกขยะ นำขยะมารีไซเคิลได้ และจัดการกำจัดขยะให้เหมาะสมกับแต่ละประเภท,2025-07-02T10:19:44.197Z
NvzFEfaG6ZVZOzCL6oZi,2025-09-12T03:43:44.369Z,อื่น ๆ,,2025-09-12T03:43:44.369Z,ต้องตัด 'ถ้อยความพิสดาร' ออกจากรัฐธรรมนูญ,2025-09-12T03:43:44.369Z
PPDctBeP0CJft1MFeAC8,2025-07-02T10:19:44.197Z,สสร.,A46,2025-07-02T10:19:44.197Z,สสร.ต้อง represent เรื่องอุดมการณ์ทางการเมืองด้วย ไม่ใช่แค่ identity และ geopolitics,2025-07-02T10:19:44.197Z
Pl9XOn5DOwkr51BNH2hh,2025-07-02T10:19:44.197Z,สสร.,A7,2025-07-02T10:19:44.197Z,สสร. ต้องมีความสนใจในเรื่องประเด็นสาธารณะ มีความรู้ความเข้าใจ มีความสามารถในการสื่อสารภาษากฎหมายให้เข้าใจง่าย,2025-07-02T10:19:44.197Z
PoUrwgMfuXEibcipRMM4,2025-07-02T10:19:44.197Z,สสร.,A66,2025-07-02T10:19:44.197Z,อยากให้สร้างความตระหนักรู้เรื่องการจัดทำร่างรธน. เพื่อให้คนมามีส่วนร่วม,2025-07-02T10:19:44.197Z
QIx0bqPEjthH7vViEhlP,2026-02-27T11:07:01.090Z,อื่น ๆ,,2026-02-27T11:07:14.756Z,ต้องการเห็นรัฐธรรมนูญที่มีการเปิดการมีส่วนร่วมของประชาชนอย่างเต็มที่และเข้าถึงกับความต้องการของผู้คน,2026-02-27T11:07:01.090Z
QdwkFxZGRJlXljzJBtz9,2025-07-02T10:19:44.197Z,สิ่งแวดล้อม,A86,2025-07-02T10:19:44.197Z,ผลักดันการใช้และสนับสนุนพลังงานสะอาด,2025-07-02T10:19:44.197Z
QlyL9rV0Ups7Teg50p7C,2025-09-15T04:18:24.514Z,สวัสดิการ,,2025-09-15T04:18:45.089Z,ต้องพัฒนาระบบคมนาคมให้ครอบคลุม ทั่วถึง และราคาเข้าถึงง่าย,2025-09-15T04:18:45.089Z
QnMEfvJp90FiAYeNtnXb,2025-09-15T03:58:00.333Z,การปกครองส่วนท้องถิ่น,,2025-09-15T04:17:26.196Z,รัฐต้องจัดสรรงบประมาณไม่น้อยกว่าร้อยละ 50 ให้กับองค์กรปกครองส่วนท้องถิ่น,2025-09-15T03:58:00.333Z
Qq1TpRiXFWMxooMqijVt,2025-07-02T10:19:44.197Z,สสร.,A81,2025-07-02T10:19:44.197Z,สสร. ควรเป็นกระบวนกร เปิดกว้าง ไม่จำเป็นต้องคนเก่ง ถ้าเลือกเอาคนเก่งเขาก็จะเอาไอเดียตัวเองใส่ในร่างรัฐธรรมนูญ,2025-07-02T10:19:44.197Z
S6GtIWAGWDQXstwOMsxM,2025-06-11T03:49:34.398Z,สิทธิเสรีภาพ,,2025-09-09T10:59:06.084Z,"ผู้ต้องขังระหว่างพิจารณาคดีควรได้อยู่นอกเรือนจำจนกว่าการตัดสินคดีจะถึงที่สุด
",2025-06-11T03:49:34.398Z
SVBo1xoP6wqVOYRaY51q,2025-07-02T10:19:44.197Z,สสร.,A42,2025-07-02T10:19:44.197Z,สสร.ควรเป็นตัวแทน ของการรับฟังเสียงของประชาชนไม่ใช่เจ้าของรัฐธรรมนูญหรือเป็นคนเขียนรัฐธรรมนูญ ควรเป็นแค่คนรวบรวมเสียงของประชาชน,2025-07-02T10:19:44.197Z
TP5bSx8XiFR5Mhs98UPS,2025-07-02T10:19:44.197Z,สิ่งแวดล้อม,A98,2025-07-02T10:19:44.197Z,ต้องไม่มีการเผาขยะในชุมชนหรือทิ้งลงคลอง,2025-07-02T10:19:44.197Z
TkX92j12vULJx4imdK55,2025-06-25T03:45:41.019Z,การศึกษา,,2025-09-05T10:46:09.628Z,สิทธิในการศึกษาควรเป็นสิทธิขั้นพื้นฐานที่รัฐต้องจัดให้โดยไม่ผูกกับสถานะเศรษฐกิจหรือบริบทครอบครัว,2025-09-05T10:46:09.628Z
U3yJP2gjVAZV5h2JzNxY,2025-07-02T10:19:44.197Z,สสร.,A18,2025-07-02T10:19:44.197Z,การเลือกตั้ง สสร. ควรมีทั้งแบบแบ่งเขตและแบบบัญชีรายชื่อ,2025-07-02T10:19:44.197Z
U82cTKzPvQ8Jl1jByxpe,2025-06-11T03:45:30.479Z,สิทธิเสรีภาพ,,2025-06-11T04:03:07.033Z,LGBTQIA+ ควรได้รับทั้งสิทธิที่เป็นลายลักษณ์อักษร และการยอมรับจากสังคม,2025-06-11T04:03:07.033Z
UAUwl0DaojqWo5PD1hl8,2025-07-02T10:19:44.197Z,สสร.,A51,2025-07-02T10:19:44.197Z,ควรเปิดโอกาสให้คนเป็นสื่อสามารถสมัครเป็น สสร. ได้,2025-07-02T10:19:44.197Z
UUVQPnkru2xj8tnf9x9r,2025-07-02T10:19:44.197Z,สวัสดิการ,A103,2025-07-02T10:19:44.197Z,ต้องนำภาษีที่เก็บมาต่อยอดพัฒนาคุณภาพชีวิตของประชาชน และโครงสร้างพื้นฐานที่มีคุณภาพ,2025-07-02T10:19:44.197Z
UbT3ZT9TokEuDlA3yap5,2025-06-25T03:47:44.130Z,สิทธิเสรีภาพ,,2025-09-05T10:45:31.268Z,รัฐต้องป้องกันการใช้ความรุนแรงในครอบครัวและรับรองสิทธิเด็กในการเติบโตอย่างปลอดภัย,2025-09-05T10:45:31.268Z
UiN8egrbml9767vx9jT5,2025-07-02T10:19:44.197Z,สสร.,A83,2025-07-02T10:19:44.197Z,สื่อมวลชนมีความสำคัญอย่างมากต่อการส่งเสริมการมีส่วนร่วมของประชาชนในสังคม,2025-07-02T10:19:44.197Z
UiPSbzGwIdu94dj1WKN4,2025-07-02T10:19:44.197Z,สสร.,A84,2025-07-02T10:19:44.197Z,ให้ทุกคน (ประชาชน) มา crack ปัญหาของรัฐธรรมนูญก่อน เพื่อมองเห็นปัญหาในการแก้ไข,2025-07-02T10:19:44.197Z
UleYx7RFuAD5OD6KsFhE,2025-07-02T10:19:44.197Z,สสร.,A44,2025-07-02T10:19:44.197Z,สว ศาล ไม่ควรนำผลประโยชน์ของตัวเองเป็นตัวตั้ง (ในการให้ความเห็นเรื่องรัฐธรรมนูญ) ควรมีการพูดคุยที่ไม่ได้เอาผลประโยชน์ของตัวเองเป็นหลัก,2025-07-02T10:19:44.197Z
V0dkfSPE4GP6d5lpNaHz,2025-07-02T10:19:44.197Z,สสร.,A9,2025-07-02T10:19:44.197Z,สสร. ต้องมีธรรมาภิบาล มีความชำนาญในแต่ละสาขาอาชีพ(ให้มากที่สุด) และตัวแทนจากกลุ่มรากหญ้า,2025-07-02T10:19:44.197Z
V8mRVC0MDmkQBgs9erqT,2025-09-12T03:31:49.226Z,อื่น ๆ,,2026-02-27T10:47:00.845Z,รัฐธรรมนูญต้องไม่มีช่องโหว่ โอบรับความหลากหลาย ยืดหยุ่น เข้าถึงง่าย และเปิดรับฟังความเห็นของประชาชนให้มากกว่านี้,2025-09-12T03:31:49.226Z
VAnenwbQKHPSvIjWV7pC,2025-07-02T10:19:44.197Z,สวัสดิการ,A92,2025-07-02T10:19:44.197Z,ต้องเยียวยาประชาชนกลุ่มที่ยากไร้ให้กลายมาเป็นประชาชนทั่วไป,2025-07-02T10:19:44.197Z
VWv2kzIsYMLNk5oxEMFe,2025-07-02T10:19:44.197Z,สสร.,A49,2025-09-09T11:31:14.417Z,การเลือกตั้งของสสร. ไม่จำกัดเรื่องความเป็นกลางทางการเมือง เช่น อดีต สส.,2025-07-02T10:19:44.197Z
VZIeapLeWOyH46gjSCRP,2026-02-27T10:49:29.666Z,อื่น ๆ,,2026-02-27T10:49:29.666Z,รัฐธรรมนูญและกฎหมายต้องทำหน้าที่เป็นเครื่องมือ ในการคุ้มครองการใช้สิทธิและเสรีภาพของประชาชน ไม่เป็นข้อจำกัดที่ทำให้ประชาชนเสียสิทธิ,2026-02-27T10:49:29.666Z
VywCsA2V8nQnV6XH1RG2,2025-07-02T10:19:44.197Z,สสร.,A75,2025-07-02T10:19:44.197Z,ฉันทามติร่วมทางสังคมเกี่ยวกับสสร. มีความสำคัญ,2025-07-02T10:19:44.197Z
WBp41ROA3KlO0ByzXmRS,2025-07-02T10:19:44.197Z,สสร.,A22,2025-07-02T10:19:44.197Z,ระบบเลือกตั้ง สสร. ควรเป็นแบบ เลือกกี่คนก็ได้ที่พอใจ (Approval Vote),2025-07-02T10:19:44.197Z
XVmOnQaXkN0SrR4L2Cqf,2025-07-02T10:19:44.197Z,สสร.,A47,2025-07-02T10:19:44.197Z,คัดกรองพวก enemy of democracy ให้ไม่สามารถมาเป็น สสร. ได้ แบบสมัยที่เยอรมันห้ามนาซีมาอยู่ในกระบวนการ,2025-07-02T10:19:44.197Z
XjCp9loWyVJVNkl15Rhj,2025-07-02T10:19:44.197Z,อื่น ๆ,A106,2025-09-09T11:07:12.279Z,ต้องมีการพัฒนาทางเทคโนโลยี วิทยาศาสตร์ และการเกษตร เพื่อให้ประเทศมีรายได้,2025-09-09T11:07:12.279Z
XmA3Xs8W1Xov6QoiC9Q1,2025-09-12T03:50:25.312Z,อื่น ๆ,,2025-09-12T03:50:25.312Z,รัฐธรรมนูญเปิดโอกาสให้ทุกคนสามารถทำตามความฝันของตนเองได้โดยไม่ถูกจำกัดกรอบ,2025-09-12T03:50:25.312Z
YCi7nXE9o4izX8kl87wS,2025-09-05T10:34:59.383Z,สิ่งแวดล้อม,,2025-09-05T10:34:59.383Z,ป้องกันการเผาป่าอย่างเด็ดขาด อยากให้รัฐมีการออกกฎหมายและบังคับใช้กฎหมายจำกัดการเผาป่ากับเกษตรกรที่เผาป่า และลงโทษผู้ที่ทำให้เกิดไฟป่า,2025-09-05T10:34:59.383Z
YIHBlCG4V2ebaFyOH4bZ,2025-07-02T10:19:44.197Z,สสร.,A58,2025-07-02T10:19:44.197Z,สสร. ต้องไม่มีตัวแทนจากภาครัฐ เพราะมักติดอยู่กับกรอบการทำงานเดิมๆ,2025-07-02T10:19:44.197Z
YN6sWxsWiErswgs9UaoT,2025-09-12T03:38:24.228Z,การปกครองส่วนท้องถิ่น,,2025-09-12T03:38:24.228Z,มองว่ารากฐานที่ดี คือการที่คนเข้าถึงบริการสาธารณะได้ง่าย มีอุตสาหกรรมชุมชนเพื่กระจายรายได้ ส่งเสริมสิทธิชุมชน มีการถ่วงดุลอำนาจที่เข้มแข็ง,2025-09-12T03:38:24.228Z
YZ1rH9CLzpmVQUhWLw5e,2025-11-27T08:45:54.808Z,อื่น ๆ,,2025-11-27T08:45:54.808Z,อยากให้มีกลไกช่วยยกเลิกบัญชีม้า เช่น มีคนมาช่วยตรวจสอบและดำเนินการยกเลิก เพราะมีคนมากมายที่ถูกหลอกเปิดบัญชี,2025-11-27T08:45:54.808Z
YyfjnhJ84S5XvwMrBu0N,2025-09-09T10:40:29.943Z,สิทธิเสรีภาพ,,2025-11-27T08:41:17.949Z,อยากให้มีการให้ความรู้ด้านกฎหมายในเรือนจำ อัพเดทกฎหมายต่าง ๆ อย่างสม่ำเสมอ และอยากให้มีการอบรมโต๊ะคดีอย่างเป็นระบบ,2025-09-09T10:40:29.943Z
ZAdCNNsmsUjfqIH0m3Px,2025-06-25T03:44:25.889Z,สิทธิเสรีภาพ,,2025-09-09T10:56:12.790Z,กระบวนการยุติธรรมต้องมีมาตรฐานเดียวทั่วประเทศ และเปิดโอกาสให้ผู้ต้องหาเข้าถึงความช่วยเหลือทางกฎหมายตั้งแต่ต้นทาง,2025-09-05T10:46:25.601Z
ZDsDi5uzFybyTHDyg7Sh,2025-07-02T10:19:44.197Z,สสร.,A31,2025-07-02T10:19:44.197Z,เปลี่ยนวิธีการเลือกตั้งให้เป็นอิเล็กทรอนิกส์ (E-Vote) เพื่อให้มั่นใจในประสิทธิภาพการนับคะแนน,2025-07-02T10:19:44.197Z
Zm98HOrjLwwudUq56iax,2025-07-02T10:19:44.197Z,สสร.,A71,2025-07-02T10:19:44.197Z,สสร. สามารถทำหน้าที่ติดตาม / monitoring รัฐธรรมนูญ เพื่อเป็นการการันตีด้วยว่ารัฐธรรมนูญจะยังคงอยู่,2025-07-02T10:19:44.197Z
a2GxJjEheT7kCjuYBJHO,2025-09-15T04:01:21.447Z,อื่น ๆ,,2025-09-15T04:01:21.447Z,รัฐธรรมนูญต้องกำหนดให้โครงสร้างอำนาจของรัฐเชื่อมโยงกับประชาชน ประชาชนสามารถตรวจสอบ เข้าถึงได้,2025-09-15T04:01:21.447Z
aCL83gC4Gh7cOdX9XhxE,2025-07-02T10:19:44.197Z,สสร.,A69,2025-07-02T10:19:44.197Z,สสร. ควรมาจากประชาชน แต่นักกฎหมายให้เป็นหน้าที่ consult ปรับภาษาให้เป็นภาษากฎหมาย,2025-07-02T10:19:44.197Z
aOI4WyDnNVXUtAzVqZsS,2026-02-27T10:55:09.376Z,การศึกษา,,2026-02-27T10:56:14.025Z,ควรพัฒนาคุณภาพของประชากรส่วนใหญ่ในสังคมผ่านการศึกษา ให้มีความรู้ความเข้าใจเกี่ยวกับโครงสร้างการเมืองและประโยชน์ร่วมกันของสังคม,2026-02-27T10:55:09.376Z
beJZeFCKxnwomk2qQmnl,2025-07-02T10:19:44.197Z,สสร.,A38,2025-07-02T10:19:44.197Z,คนที่สมัครเป็นสสร.หรือเสนอชื่อ ตามกลุ่มอาชีพ ต้องมีคนที่อยู่ในอาชีพเดียวกันเป็นคนเลือก,2025-07-02T10:19:44.197Z
bpWnfM1sudt4FMI0wS9t,2025-07-02T10:19:44.197Z,สสร.,A76,2025-07-02T10:19:44.197Z,พรรคการเมืองต้องเป็นความหวังในการร่างรัฐธรรมนูญใหม่,2025-07-02T10:19:44.197Z
cOJcvxwPzm0iZ4cHngFC,2025-07-02T10:19:44.197Z,สสร.,A64,2025-07-02T10:19:44.197Z,เวลาการร่างรัฐธรรมนูญที่นานเกินไป เกิดการทอดเวลา ทำให้อุดมการณ์เริ่มเปลี่ยน,2025-07-02T10:19:44.197Z
cgl2dkQpzRePcWAo075o,2025-09-15T04:12:16.201Z,อื่น ๆ,,2025-09-15T04:12:16.201Z,พรรคการเมือง สถาบันทางการเมือง กองทัพและองค์กรต่างๆ ต้องร่วมกันปกป้องรัฐธรรมนูญ,2025-09-15T04:12:16.201Z
cwMYFZkBcDAT64xVGPYi,2025-07-02T10:19:44.197Z,สสร.,A30,2025-07-02T10:19:44.197Z,การระบุความเป็นตัวแทนที่ละเอียดมากเกินไปจะทำให้กระบวนการเลือกตั้งเป็นเชิงเทคนิคจนซับซ้อนเกินกว่าที่ประชาชนทั่วไปจะเข้าใจ,2025-07-02T10:19:44.197Z
cwutSB93TI3xH6IKpBn5,2025-09-15T04:15:55.228Z,สิทธิเสรีภาพ,,2025-09-15T04:15:55.228Z,ต้องรับรองการเข้าถึงที่อยู่อาศัย ที่ราคาถูก และเข้าถึงได้อย่างเท่าเทียม,2025-09-15T04:15:55.228Z
d3pHtfhU57E5OSFI6Mry,2025-07-02T10:19:44.197Z,สสร.,A61,2025-07-02T10:19:44.197Z,คณะกรรมการยกร่างต้องสอดคล้องกับ Agendที่เกิดขึ้นในสถานการณ์,2025-07-02T10:19:44.197Z
dGxyjzS4YUBBbcbvHOUf,2025-07-02T10:19:44.197Z,อื่น ๆ,A95,2025-09-09T11:07:36.166Z,ต้องมีกติกาที่ปกป้องประชาธิปไตยจากการกระทำใดๆ ที่ทำลายระบอบประชาธิปไตย เช่น การยึดอำนาจโดยกลุ่มบุคคล,2025-09-09T11:07:36.166Z
dkrarlbB4ZvLnUMtJqJM,2025-06-11T06:54:51.655Z,สวัสดิการ,,2025-09-05T10:49:19.722Z,ควรมีระบบที่สนับสนุนให้คนวัยเกษียณได้กลับไปใช้ชีวิตที่บ้านเกิด เช่น มีที่ปรึกษาเรื่องการจัดสรรที่ดิน การทำเกษตร,2025-09-05T10:37:15.194Z
eI7AwyqnfrU90ciZcB2J,2025-07-02T10:19:44.197Z,สสร.,A62,2025-07-02T10:19:44.197Z,คนดีในจังหวัดไม่มาสมัครเป็นตัวแทน สสร.,2025-07-02T10:19:44.197Z
ee9QQZxV5iESX66emeXE,2025-09-12T03:54:30.165Z,อื่น ๆ,,2026-02-27T11:26:39.376Z,รัฐธรรมนูญคือ “ที่ว่างสำหรับความฝันที่เปิดกว้างและเสรี” กล่าวคือ ทุกคนสามารถมีความฝันเป็นของตัวเอง มีความเสมอภาคเท่าเทียมกัน,2025-09-12T03:54:30.165Z
f8RGpxZJ7dQCu4DY6KRj,2025-07-02T10:19:44.197Z,สสร.,A12,2025-07-02T10:19:44.197Z,กกต.ไม่ควรเป็นผู้แทนจัดการเลือกตั้ง สสร.,2025-07-02T10:19:44.197Z
fbVtCjw945zx0RDARWt1,2025-07-02T10:19:44.197Z,อื่น ๆ,A112,2025-07-02T10:19:44.197Z,ต้องไม่มีการนิรโทษกรรมคนทำรัฐประหาร,2025-07-02T10:19:44.197Z
flWe1JTfa9t3O20cxgFZ,2025-06-11T03:59:25.231Z,สวัสดิการ,,2025-09-05T10:39:28.299Z,กฎหมายลาคลอดควรยืดระยะเวลาออก และยังได้รับเงินเดือนตามปกติ รวมถึงควรเพิ่มวันหยุดพักร้อนตามอายุงาน เพื่อสร้างสมดุลระหว่างงานและชีวิต,2025-09-05T10:39:28.299Z
gVOKNIr5SqGSYt4UQGwz,2025-07-02T10:19:44.197Z,สสร.,A79,2025-07-02T10:19:44.197Z,ต้องไม่รีบในการร่างรัฐธรรมนูญ เพื่อเปิดให้ประชาชนมีส่วนรวมมากที่สุดก่อน จะได้ยึดโยงกับรัฐธรรมนูญ,2025-07-02T10:19:44.197Z
hFlaIDjyVSQM95hpLX5l,2025-07-02T10:19:44.197Z,สสร.,A25,2025-07-02T10:19:44.197Z,การเลือกตั้ง สสร. ควรกำหนดกลุ่มประเภทความเชี่ยวชาญ (กลุ่มอาชีพ) เพื่อให้สะท้อนความหลากหลายได้,2025-07-02T10:19:44.197Z
hHM0HVjqwKVeG9AWTAZF,2025-07-02T10:19:44.197Z,สสร.,A72,2025-09-09T11:22:33.858Z,สสร.ต้องครอบคลุมทุก sectors ได้แก่ ภาครัฐ ภาคเอกชน CSOs และ seating หาร 3,2025-07-02T10:19:44.197Z
hKLtiqzvq6iMHcSRGLMG,2025-07-02T10:19:44.197Z,การปกครองส่วนท้องถิ่น,A89,2025-07-02T10:19:44.197Z,ควรแก้ไขโครงสร้างอำนาจ ลดระดับอำนาจของส่วนกลาง,2025-07-02T10:19:44.197Z
hN53GlLx2DAw5uskXgts,2026-02-27T11:08:13.278Z,อื่น ๆ,,2026-02-27T11:08:13.278Z,"ต้องการปรับปรุงตัวรัฐธรรมนูญฉบับเดิมให้มีความที่ทันสมัยมากขึ้น
และมีช่องทางที่แสดงให้เห็นถึงความโปร่งใสในกระบวนการแก้ไขปัญหา",2026-02-27T11:08:13.278Z
hfmR2J1HSybT3k2ocQnN,2025-09-05T10:26:50.294Z,อื่น ๆ,,2025-09-05T10:33:35.572Z,อยากให้เรือนจำมี TV เพื่อให้ผู้ต้องขังสามารถเข้าถึงข้อมูลข่าวสาร ความรู้ และความบันเทิง ช่วยลดความเครียดและสร้างการเรียนรู้ระหว่างถูกคุมขัง,2025-09-05T10:26:50.294Z
i7nD4nBuvDJmmwAAfNuk,2025-07-02T10:19:44.197Z,สสร.,A20,2025-07-02T10:19:44.197Z,สนับสนุนการออกแบบ สสร. เป็นบัญชีรายชื่อ 100%,2025-07-02T10:19:44.197Z
ioBTEBAqB3GfzOzop0K3,2025-07-02T10:19:44.197Z,สสร.,A3,2025-07-02T10:19:44.197Z,มีกลไกการร้องเรียนปัญหาของประชาชน เพื่อนำมาปรับเป็นร่างรัฐธรรมนูญ ไม่ใช่มีร่างแล้วรอความคิดเห็นเพียงอย่างเดียว,2025-07-02T10:19:44.197Z
iukqL19YJuS67ZkSWMqZ,2025-07-02T10:19:44.197Z,สสร.,A67,2025-07-02T10:19:44.197Z,ควรมีพื้นที่เรียนรู้สำหรับ สสร. เช่น การ learning กรณีจากต่างประเทศ retro review,2025-07-02T10:19:44.197Z
jHdCJCKb650P142dwlCc,2026-02-27T11:00:41.815Z,อื่น ๆ,,2026-02-27T11:01:15.011Z,รัฐธรรมนูญควรลดกำแพง เปิดช่องว่างในการมีส่วนร่วมมากขึ้น แต่ก็คงกำแพงบางส่วนเพื่อกันความสุดโต่งจนเกินไป,2026-02-27T11:00:41.815Z
kbZeLnr7CIhviuzpi7Y2,2025-07-02T10:19:44.197Z,สิทธิเสรีภาพ,A91,2025-07-02T10:19:44.197Z,ต้องมีพื้นที่ปลอดภัยสำหรับการแสดงความคิดเห็น เพื่อนำไปสู่การเปลี่ยนแปลง คุ้มครองผู้เห็นต่าง วิพากษ์วิจารณ์กันได้,2025-07-02T10:19:44.197Z
khBKlVEnnEalTeRRgKYn,2025-07-02T10:19:44.197Z,สิ่งแวดล้อม,A110,2025-07-02T10:19:44.197Z,อยากให้ประเทศน่าอยู่ ปลอดฝุ่น และปราศจากการเมืองที่ไม่ปลอดภัย,2025-07-02T10:19:44.197Z
khaARS90ROktrWpNefdc,2025-07-02T10:19:44.197Z,สสร.,A70,2025-07-02T10:19:44.197Z,สสร. ไม่ควรมีนักกฎหมายนั่งเป็นประธาน,2025-07-02T10:19:44.197Z
l2BJGEFL0vNtYHherIGp,2025-07-02T10:19:44.197Z,การศึกษา,A104,2025-07-02T10:19:44.197Z,ต้องมอบทุนการศึกษาให้บุตรหลานแรงงานในทุกภาคส่วน,2025-07-02T10:19:44.197Z
l4DGdklYsCQJ4YCEwG6N,2025-09-15T04:00:05.907Z,อื่น ๆ,,2025-09-15T04:00:05.907Z,พรรคการเมือง องค์กรอิสระ กองทัพ ประชาชน เด็ก และเยาวชน ได้มีส่วนร่วมในการสร้างรัฐธรรมนูญร่วมกัน,2025-09-15T04:00:05.907Z
l5syMnVe7oyPyItseDcU,2025-07-02T10:19:44.197Z,สสร.,A52,2025-07-02T10:19:44.197Z,ควรมีการทำงานวิจัยที่เกี่ยวกับการกำหนดจำนวน สสร. เพื่อไม่ให้มีเยอะเกินไปที่ทำให้การประชุมยืดเยื้อเกินไป,2025-07-02T10:19:44.197Z
lRI4lhkiWzTKCOBsbL3p,2025-07-02T10:19:44.197Z,สสร.,A43,2025-07-02T10:19:44.197Z,สสร.ไม่จำเป็นต้องเป็นนักเทคนิคในการเขียนกฎหมาย,2025-07-02T10:19:44.197Z
lY0oZzdYo9y3zFhhYnmy,2025-07-02T10:19:44.197Z,สสร.,A24,2025-07-02T10:19:44.197Z,จำเป็นต้องมีกลุ่มผู้เชี่ยวชาญ แยกต่างหากจาก สสร. เพื่อให้ข้อมูล ความเห็น,2025-07-02T10:19:44.197Z
mMeEpUAziHDhG50zT935,2025-07-02T10:19:44.197Z,สสร.,A34,2025-07-02T10:19:44.197Z,ผู้สมัคร สสร. ควรเป็นตัวแทนของอุดมการณ์ประชาธิปไตยและมีการแถลงจุดยืน,2025-07-02T10:19:44.197Z
mb426CKotDswSd9rgWPp,2025-07-02T10:19:44.197Z,สสร.,A29,2025-07-02T10:19:44.197Z,ผู้สมัคร สสร. จะต้องได้รับการตรวจสอบโดยองค์กรอิสระ เพื่อให้กระบวนการได้มามีความโปร่งใส,2025-07-02T10:19:44.197Z
mvuw0PVc9yFEqDYHLU5P,2025-06-11T06:59:42.584Z,สิทธิเสรีภาพ,,2025-06-19T05:23:49.540Z,ควรมีสถาบันที่รองรับนักโทษพ้นผิด เพื่อการประกอบอาชีพหลังออกจากเรือนจำ,2025-06-19T05:23:49.540Z
nrEaDmep95iroWpISISA,2025-07-02T10:19:44.197Z,สสร.,A8,2025-07-02T10:19:44.197Z,สสร. ต้องมีที่มาที่ยึดโยงกับประชาชน,2025-07-02T10:19:44.197Z
ntBJAaqOZ6CVfzvCIdlt,2025-07-02T10:19:44.197Z,สสร.,A53,2025-07-02T10:19:44.197Z,ความยากคือ การระบุว่าใครเป็นผู้เชี่ยวชาญ ในด้านต่าง ๆ เพราะอาจมีกังขาเรื่องการมีสี,2025-07-02T10:19:44.197Z
oRaHQAaxlJ5gKS85cssh,2025-07-02T10:19:44.197Z,สสร.,A6,2025-07-02T10:19:44.197Z,สสร. ต้องมีความเชี่ยวชาญในประสบการณ์ด้านการทำงานในด้านหนึ่ง มากกว่าโฟกัสที่วุฒิการศึกษา,2025-07-02T10:19:44.197Z
oeotA7s7dRMWvrJarDmJ,2025-09-15T04:03:17.209Z,สิทธิเสรีภาพ,,2025-09-15T04:04:31.623Z,ทุกคนได้รับความเคารพในศักดิ์ศรีความเป็นมนุษย์ และความหลากหลายทางวัฒนธรรม ศาสนา เพศ และชาติพันธุ์,2025-09-15T04:04:31.623Z
peEZ4F0cByDfdVv4Mh5R,2025-07-02T10:19:44.197Z,สสร.,A80,2025-07-02T10:19:44.197Z,มีช่องทางให้ประชาชนเข้าไปติดตามการร่างรธน. สื่อสารให้เข้าใจง่าย และทำงานประชาสัมพันธ์เชิงรุกให้ประชาชนได้รู้ระหว่างกระบวนการ,2025-07-02T10:19:44.197Z
pegZwJVtwSuC87fEl0UZ,2025-07-02T10:19:44.197Z,สสร.,A59,2025-07-02T10:19:44.197Z,สิทธิในการสมัครไม่ควรจำกัดอายุ,2025-07-02T10:19:44.197Z
q0DIQV3yASXwqRZaCiFX,2025-06-11T06:55:28.169Z,สิทธิเสรีภาพ,,2025-06-11T06:55:28.169Z,โรงเรียนหรือแม้กระทั่งเรือนจำ ควรกำหนดเวลาในการละหมาดให้สอดคล้องไปกับหลักศาสนา เพราะบางเรือนจำห้ามละหมาด,2025-06-11T06:55:28.169Z
qPBOcL9oIepOBSMv2sm9,2025-07-02T10:19:44.197Z,อื่น ๆ,A93,2025-07-02T10:19:44.197Z,ต้องแก้รัฐธรรมนูญได้ทุกมาตรา,2025-07-02T10:19:44.197Z
qTAylyGMKxWyYImK7Xnp,2025-09-09T10:47:36.474Z,สิทธิเสรีภาพ,,2025-09-09T10:47:36.474Z,จากประสบการณ์ส่วนตัวที่ถูกนำตัวไปขังโดยที่ยังไม่มีโอกาสได้ติดต่อญาติ จึงอยากให้มีการรับรองสิทธิในการติดต่อญาติก่อนที่จะเข้าไปในเรือนจำ,2025-09-09T10:47:36.474Z
qq5SykirmTIWsbbBDARc,2025-07-02T10:19:44.197Z,สสร.,A78,2025-07-02T10:19:44.197Z,Political Education ส่งผลโดยตรงต่อการมีส่วนร่วมของประชาชนในประเด็นรัฐธรรมนูญ,2025-07-02T10:19:44.197Z
qylb4vJtU5AGTjqa3Otw,2025-07-02T10:19:44.197Z,สสร.,A10,2025-07-02T10:19:44.197Z,สสร. มีอำนาจในการพิจารณาการขัดต่อรัฐธรรมนูญแทนศาลรัฐธรรมนูญได้,2025-07-02T10:19:44.197Z
rXQLUFdi9w5lq2zlb3jt,2025-09-15T04:14:15.215Z,อื่น ๆ,,2025-09-15T04:14:15.215Z,รัฐธรรมนูญต้องเปิดโอกาส เปิดพื้นที่ ให้กับเด็ก เยาวชน และประชาชน ในการมีส่วนร่วมที่มากยิ่งขึ้น,2025-09-15T04:14:15.215Z
rcKMnMwfcNJBA0vTq9K2,2025-07-02T10:19:44.197Z,สสร.,A68,2025-09-09T11:29:11.233Z,การได้มาของสสร. ประชาชนควรมีส่วนร่วมด้วย ผ่านช่องทางออนไลน์ก็ได้,2025-09-09T11:29:11.233Z
rdSDbspwBRGjnYsdAdCu,2025-07-02T10:19:44.197Z,สิ่งแวดล้อม,A101,2025-07-02T10:19:44.197Z,ควรเก็บภาษีการปล่อย CO2,2025-07-02T10:19:44.197Z
ri7VMl85rYWRQ5NzpcgE,2025-06-11T03:47:43.857Z,สวัสดิการ,,2025-09-05T10:37:01.762Z,ประชาชนควรมีสิทธิในการเข้าถึงโรงพยาบาลดี ๆ โรงพยาบาลรัฐและเอกชนควรมีคุณภาพและบริการเทียบเคียงกัน,2025-09-05T10:37:01.762Z
rtD7CMjsceEbv2KhEprz,2025-09-09T10:44:39.607Z,การศึกษา,,2025-09-09T10:44:39.607Z,อยากให้เด็กมีสิทธิในการศึกษาในระดับสูง ไม่อยากให้เป็นเหมือนปัจจุบันที่เรียนจบแล้วต้องติดหนี้ กยศ.,2025-09-09T10:44:39.607Z
rv1DxRCAh8vLRGYr7kfa,2025-07-02T10:19:44.197Z,สสร.,A60,2025-07-02T10:19:44.197Z,หลักการเรื่องความอิสระ ควรการันตีความปลอดภัยในการพูดเรื่องละเอียดอ่อนในวง สสร. เช่น การแก้ไขหมวดสถาบันฯ,2025-07-02T10:19:44.197Z
sAmtB8fy0VPiNkHFh2ON,2025-07-02T10:19:44.197Z,สสร.,A41,2025-07-02T10:19:44.197Z,สสร. ที่จะสะท้อนความเห็นต่างๆ ต้องมีความรู้กฎหมายเป็นพื้นฐานเพราะการออกแบบกฎหมายกระทบผู้คน,2025-07-02T10:19:44.197Z
t6hibvHASB7ImBStKhrw,2025-06-11T03:44:04.691Z,สิทธิเสรีภาพ,,2025-09-05T10:43:07.529Z,คนหาเช้ากินค่ำควรได้รับการคุ้มครองในการประกอบอาชีพสุจริต ไม่ให้ล้มละลาย มีรัฐมาคอยอุ้มให้ “ล้มบนฟูก”,2025-06-11T04:02:59.191Z
tB7DEtiqE3Wvd4N16LQd,2025-07-02T10:19:44.197Z,สสร.,A56,2025-07-02T10:19:44.197Z,สสร. ควรมาจากการเลือกตั้งทั้งหมด โดยให้ประชาชนเลือกตั้งโดยตรงแบบอิสระ เพราะการแต่งตั้งหนีไม่พ้นความกังขา,2025-07-02T10:19:44.197Z
w1UaINJpdc3KsocCvWSD,2025-07-02T10:19:44.197Z,สสร.,A54,2025-07-02T10:19:44.197Z,คุณสมบัติ สสร. ต้องถูกจำกัดให้น้อยที่สุดเพื่อให้ประชาชนมีส่วนร่วมมากที่สุด,2025-07-02T10:19:44.197Z
wODKVw70M0C8blVDMpfL,2025-07-02T10:19:44.197Z,การศึกษา,A88,2025-09-05T10:21:00.912Z,ต้องมีการศึกษาที่เท่าเทียม,2025-07-02T10:19:44.197Z
wXQy4GNSAVByO1QwIw31,2025-07-02T10:19:44.197Z,สสร.,A65,2025-07-02T10:19:44.197Z,สสร. ไม่ควรมีอำนาจเยอะ ควรทำหน้าที่อำนวยความสะดวกให้ประชาชนมากกว่า,2025-07-02T10:19:44.197Z
wnWqZuCRhIESkI8KhmhZ,2025-07-02T10:19:44.197Z,สสร.,A32,2025-07-02T10:19:44.197Z,สสร. จำเป็นต้องมาจากการเลือกตั้งทางตรง 100% เพื่อให้สะท้อนความเป็นตัวแทนและความเป็นประชาธิปไตย,2025-07-02T10:19:44.197Z
xPfTusEykaoThPECEHNx,2026-02-27T11:19:07.652Z,อื่น ๆ,,2026-02-27T11:21:39.691Z,รัฐธรรมนูญจะต้องกำหนดโครงสร้างของสถาบันการเมืองให้มั่นคง ป้องกันคนไม่ดี คนทุจริต ไม่ให้เข้ามามีอำนาจทางการเมือง,2026-02-27T11:19:07.652Z
y02zxIhpl5SrMiqbe6PZ,2026-02-27T10:57:58.555Z,อื่น ๆ,,2026-02-27T11:01:52.425Z,การออกแบบสถาบันการเมือง โดยเฉพาะอย่างยิ่งโดยอาศัยกระบวนการตรวจสอบถ่วงดุลกัน,2026-02-27T10:57:58.555Z
y2QViIPyK0DMuLnnTpmM,2025-09-12T03:39:12.366Z,สิทธิเสรีภาพ,,2025-09-12T03:39:12.366Z,ต้องมีการสิทธิเลือกตั้งแก่ผู้ต้องขัง,2025-09-12T03:39:12.366Z
yYjYyd4TeWQsvH5igLmP,2025-09-15T04:12:52.240Z,สิ่งแวดล้อม,,2025-09-15T04:12:52.240Z,รัฐธรรมนูญต้องมุ่งเน้นการแก้ไขปัญหาอย่างยั่งยืน รวมถึงการให้ความสำคัญกับสิ่งแวดล้อม,2025-09-15T04:12:52.240Z
yaBWRUKJeB6kxCpL8yQM,2025-09-15T04:04:08.017Z,อื่น ๆ,,2025-09-15T04:21:52.511Z,มีการส่งเสริมและพัฒนาเทคโนโลยีเพื่อปรับใช้ในการปกครอง เศรษฐกิจ สังคม การศึกษา,2025-09-15T04:04:08.017Z
ygKCH9AyMU1EHeFyQQIV,2025-09-10T04:05:47.097Z,สิทธิเสรีภาพ,,2025-09-10T04:05:47.097Z,สิทธิในการอยู่อาศัยควรเป็นสิ่งที่ทุกคนได้รับโดยไม่ถูกกีดกันเพราะสถานะสุขภาพหรือประวัติการติดเชื้อ,2025-09-10T04:05:47.097Z
yhZRzAUfUTa7emEn5TrG,2025-07-02T10:19:44.197Z,สสร.,A33,2025-07-02T10:19:44.197Z,รัฐธรรมนูญต้องเป็นตลาดนัดไอเดีย ที่สามารถแสดงความเห็นได้,2025-07-02T10:19:44.197Z
zAgP9SXKxmB6CHmOVZEj,2025-07-02T10:19:44.197Z,สสร.,A4,2025-07-02T10:19:44.197Z,ร่างที่ สสร. ออกแบบ ต้องนำไปให้ประชาชนให้ความเห็นแบบมีประชามติรายมาตราตามกลุ่มที่เกี่ยวข้องเป็นการเฉพาะ,2025-07-02T10:19:44.197Z
zTLIoGDZJsgMorVzRhHE,2025-09-15T04:11:47.162Z,อื่น ๆ,,2025-09-15T04:11:47.162Z,องค์กรอิสระตามรัฐธรรมนูญ ต้องมีส่วนร่วมหรือเชื่อมโยงกับประชาชนและภาคประชาสังคม,2025-09-15T04:11:47.162Z
zYXQjirGqWnfkYRkKvqD,2025-09-15T03:57:22.987Z,การศึกษา,,2025-09-15T03:57:22.987Z,การให้สิทธิเรียนฟรีจนถึงมัธยมศึกษาตอนต้น ที่ทำได้จริง,2025-09-15T03:57:22.987Z
zj1RbSbxQVDaJzzgibvk,2025-07-02T10:19:44.197Z,อื่น ๆ,A100,2025-07-02T10:19:44.197Z,ต้องมีการพัฒนาขนส่งสาธารณะ ลดการใช้รถส่วนตัว,2025-07-02T10:19:44.197Z
zvTElyJJO7xqagDkVWdP,2025-09-05T10:25:14.702Z,สิทธิเสรีภาพ,,2025-09-05T10:25:14.702Z,สิทธิในพื้นที่ทำกินที่ชัดเจน เพื่อให้สามารถประกอบอาชีพได้อย่างมั่นคง,2025-09-05T10:25:14.702Z
